domain,k_identity_dims,label,n,cv_corr,in_sample_corr
blood_chemistry,3,Medical_LEMON__Blood_Sample__Blood_Results_LEMON__CKDEPI_in_ml_min_1.73m,90,0.4152178919336412,0.4619879199858162
blood_chemistry,3,Medical_LEMON__Blood_Sample__Blood_Results_LEMON__TSH_in_mU_l,108,-0.4081559232159697,0.029553816070217863
blood_chemistry,3,Medical_LEMON__Blood_Sample__Blood_Results_LEMON__HBA1C_in_%,109,0.36910510441944777,0.41803269819887845
blood_chemistry,3,Medical_LEMON__Blood_Sample__Blood_Results_LEMON__HBA1CI_in_mmol_mol,109,0.3689605159217046,0.4179002821587814
blood_chemistry,3,Medical_LEMON__Blood_Sample__Blood_Results_LEMON__GLU_in_mmol_l,108,0.22447006667669053,0.31619952536109763
blood_chemistry,3,Medical_LEMON__Blood_Sample__Blood_Results_LEMON__HBA1G_in_g_dl,109,0.22142813782241325,0.2969198495961589
blood_chemistry,3,Medical_LEMON__Blood_Sample__Blood_Results_LEMON__LDLC_in_mmol_l,108,0.21082242331139608,0.3063804953957259
blood_chemistry,3,Medical_LEMON__Blood_Sample__Blood_Results_LEMON__GGT_in_µkat_l,108,0.20679597848562728,0.25125227000896255
blood_chemistry,3,Medical_LEMON__Blood_Sample__Blood_Results_LEMON__PLT_in_exp_9 _l,107,-0.20298527417332735,0.12585282100714082
blood_chemistry,3,Medical_LEMON__Blood_Sample__Blood_Results_LEMON__HDLC_in_mmol_l,108,0.19237967225645572,0.24669576535198312
blood_chemistry,3,Medical_LEMON__Blood_Sample__Blood_Results_LEMON__NA_in_mmol_l,108,0.19096363345327366,0.2732994356935412
blood_chemistry,3,Medical_LEMON__Blood_Sample__Blood_Results_LEMON__CRP_in_mg_l,87,0.18810388716342352,0.17725655164214102
blood_chemistry,3,Medical_LEMON__Blood_Sample__Blood_Results_LEMON__CHOL_in_mmol_l,108,0.17413514300028268,0.2688480243957356
blood_chemistry,3,Medical_LEMON__Blood_Sample__Blood_Results_LEMON__MCHCK_in_g_dl,107,-0.14611465618100428,0.11389043573638385
blood_chemistry,3,Medical_LEMON__Blood_Sample__Blood_Results_LEMON__INR,104,0.14274188951194203,0.2156773372678346
blood_chemistry,3,Medical_LEMON__Blood_Sample__Blood_Results_LEMON__MCHC _in_mmol_l,107,-0.14237652798185707,0.1157416079304033
blood_chemistry,3,Medical_LEMON__Blood_Sample__Blood_Results_LEMON__RDW_in_%,107,0.12909676792438524,0.18209309081358738
blood_chemistry,3,Medical_LEMON__Blood_Sample__Blood_Results_LEMON__INRVOR,104,0.11912924229855958,0.19532257583393609
blood_chemistry,3,Medical_LEMON__Blood_Sample__Blood_Results_LEMON__MCHK_in_pg,107,0.09860267855021136,0.24215489589975595
blood_chemistry,3,Medical_LEMON__Blood_Sample__Blood_Results_LEMON__MCH_in_fmol,107,0.09719732305144092,0.24049871667468892
blood_chemistry,3,Medical_LEMON__Blood_Sample__Blood_Results_LEMON__ALAT_in_ µkat_l,108,0.09572977232067358,0.23888231090350476
blood_chemistry,3,Medical_LEMON__Blood_Sample__Blood_Results_LEMON__PT_in_%,104,0.0922358625800052,0.18456463882169497
blood_chemistry,3,Medical_LEMON__Blood_Sample__Blood_Results_LEMON__MCV_in_fl,107,0.09081594300963661,0.23062177596668965
blood_chemistry,3,Medical_LEMON__Blood_Sample__Blood_Results_LEMON__HGBK_in_g_dl,107,0.0643637805896464,0.18033401497117063
blood_chemistry,3,Medical_LEMON__Blood_Sample__Blood_Results_LEMON__HGB_in_mmol_l,107,0.0623732296380516,0.17968190729963748
blood_chemistry,3,Medical_LEMON__Blood_Sample__Blood_Results_LEMON__WBC_in_exp_9_l,107,-0.05765104034274922,0.16488543745267367
blood_chemistry,3,Medical_LEMON__Blood_Sample__Blood_Results_LEMON__HCT _in_l_l,107,0.04790063512349283,0.16975352988113454
blood_chemistry,3,Medical_LEMON__Blood_Sample__Blood_Results_LEMON__TRIG_in_mmol_l,108,0.045544643732051325,0.206628603674381
blood_chemistry,3,Medical_LEMON__Blood_Sample__Blood_Results_LEMON__RBC_in_exp_12_l,107,-0.04519793899733933,0.14574572589079765
blood_chemistry,3,Medical_LEMON__Blood_Sample__Blood_Results_LEMON__HB_in_g_dl,109,-0.04411216355047081,0.13576422435117055
blood_chemistry,3,Medical_LEMON__Blood_Sample__Blood_Results_LEMON__ASAT_in_µkat_l,108,0.04312634588276603,0.1785647450747239
blood_chemistry,3,Medical_LEMON__Blood_Sample__Blood_Results_LEMON__CL_in_mmol_l,108,-0.028645528832968562,0.14695585399073152
blood_chemistry,3,Medical_LEMON__Blood_Sample__Blood_Results_LEMON__K_in_mmol_l,108,-0.027141102764861817,0.1388861850636076
blood_chemistry,3,Medical_LEMON__Blood_Sample__Blood_Results_LEMON__MPV_in_fl,105,0.025706187563316878,0.24026994603949497
blood_chemistry,3,Medical_LEMON__Blood_Sample__Blood_Results_LEMON__CRE_in_µmol_l,108,-0.015115606371941016,0.14310190006082915
blood_chemistry,6,Medical_LEMON__Blood_Sample__Blood_Results_LEMON__TSH_in_mU_l,108,-0.45386912546084374,0.05743230606888139
blood_chemistry,6,Medical_LEMON__Blood_Sample__Blood_Results_LEMON__CKDEPI_in_ml_min_1.73m,90,0.434377465454888,0.5115392670363749
blood_chemistry,6,Medical_LEMON__Blood_Sample__Blood_Results_LEMON__HBA1C_in_%,109,0.34504754474518184,0.443139289875419
blood_chemistry,6,Medical_LEMON__Blood_Sample__Blood_Results_LEMON__HBA1CI_in_mmol_mol,109,0.3449440385986277,0.4430374771960324
blood_chemistry,6,Medical_LEMON__Blood_Sample__Blood_Results_LEMON__ASAT_in_µkat_l,108,0.3176746261198489,0.4378239101862968
blood_chemistry,6,Medical_LEMON__Blood_Sample__Blood_Results_LEMON__ALAT_in_ µkat_l,108,0.2850732632445026,0.4885099374101022
blood_chemistry,6,Medical_LEMON__Blood_Sample__Blood_Results_LEMON__PT_in_%,104,0.25659833247212527,0.3725559704419377
blood_chemistry,6,Medical_LEMON__Blood_Sample__Blood_Results_LEMON__CRP_in_mg_l,87,0.24637403986903575,0.23082630307707294
blood_chemistry,6,Medical_LEMON__Blood_Sample__Blood_Results_LEMON__GGT_in_µkat_l,108,0.24271211838551027,0.339381581074386
blood_chemistry,6,Medical_LEMON__Blood_Sample__Blood_Results_LEMON__INR,104,0.23465646052869713,0.3515470034220369
blood_chemistry,6,Medical_LEMON__Blood_Sample__Blood_Results_LEMON__INRVOR,104,0.23146508748491923,0.35318066034050793
blood_chemistry,6,Medical_LEMON__Blood_Sample__Blood_Results_LEMON__PLT_in_exp_9 _l,107,-0.22977523643757355,0.16579120758432375
blood_chemistry,6,Medical_LEMON__Blood_Sample__Blood_Results_LEMON__RBC_in_exp_12_l,107,-0.20285776805621206,0.15387288299191268
blood_chemistry,6,Medical_LEMON__Blood_Sample__Blood_Results_LEMON__LDLC_in_mmol_l,108,0.196603101654853,0.3482805122205434
blood_chemistry,6,Medical_LEMON__Blood_Sample__Blood_Results_LEMON__HBA1G_in_g_dl,109,0.19030450548259242,0.34453434410935874
blood_chemistry,6,Medical_LEMON__Blood_Sample__Blood_Results_LEMON__K_in_mmol_l,108,-0.17080406792637445,0.1700952625331143
blood_chemistry,6,Medical_LEMON__Blood_Sample__Blood_Results_LEMON__GLU_in_mmol_l,108,0.15585423379214333,0.3266914990841934
blood_chemistry,6,Medical_LEMON__Blood_Sample__Blood_Results_LEMON__NA_in_mmol_l,108,0.14534577511580554,0.30078970933238436
blood_chemistry,6,Medical_LEMON__Blood_Sample__Blood_Results_LEMON__MCHK_in_pg,107,0.13794788097806768,0.30298956015625855
blood_chemistry,6,Medical_LEMON__Blood_Sample__Blood_Results_LEMON__MCH_in_fmol,107,0.13474825802704896,0.301527337075461
blood_chemistry,6,Medical_LEMON__Blood_Sample__Blood_Results_LEMON__CL_in_mmol_l,108,0.12465829016754156,0.31253645587215634
blood_chemistry,6,Medical_LEMON__Blood_Sample__Blood_Results_LEMON__RDW_in_%,107,0.12420877930882569,0.21212120315322386
blood_chemistry,6,Medical_LEMON__Blood_Sample__Blood_Results_LEMON__WBC_in_exp_9_l,107,-0.11881716744677649,0.17580088708633118
blood_chemistry,6,Medical_LEMON__Blood_Sample__Blood_Results_LEMON__CHOL_in_mmol_l,108,0.10005556902626878,0.3115696147111042
blood_chemistry,6,Medical_LEMON__Blood_Sample__Blood_Results_LEMON__MCHCK_in_g_dl,107,0.09473390860269262,0.270149848422933
blood_chemistry,6,Medical_LEMON__Blood_Sample__Blood_Results_LEMON__MCV_in_fl,107,0.09334453426604723,0.28190934426148445
blood_chemistry,6,Medical_LEMON__Blood_Sample__Blood_Results_LEMON__MCHC _in_mmol_l,107,0.09124943246582234,0.26866792369794096
blood_chemistry,6,Medical_LEMON__Blood_Sample__Blood_Results_LEMON__TRIG_in_mmol_l,108,-0.08322244164319005,0.21251400813161553
blood_chemistry,6,Medical_LEMON__Blood_Sample__Blood_Results_LEMON__HCT _in_l_l,107,-0.06059895364890093,0.1816969475425692
blood_chemistry,6,Medical_LEMON__Blood_Sample__Blood_Results_LEMON__HB_in_g_dl,109,-0.037887778607998454,0.20904494285186898
blood_chemistry,6,Medical_LEMON__Blood_Sample__Blood_Results_LEMON__HDLC_in_mmol_l,108,0.020093291140295174,0.26733573215230083
blood_chemistry,6,Medical_LEMON__Blood_Sample__Blood_Results_LEMON__CRE_in_µmol_l,108,0.01959788400483466,0.24642736642266733
blood_chemistry,6,Medical_LEMON__Blood_Sample__Blood_Results_LEMON__MPV_in_fl,105,0.015769858829943938,0.2655598281865813
blood_chemistry,6,Medical_LEMON__Blood_Sample__Blood_Results_LEMON__HGBK_in_g_dl,107,0.011335043769579296,0.22162737226525295
blood_chemistry,6,Medical_LEMON__Blood_Sample__Blood_Results_LEMON__HGB_in_mmol_l,107,0.008236713323114299,0.2204966365564019
blood_chemistry,10,Medical_LEMON__Blood_Sample__Blood_Results_LEMON__CKDEPI_in_ml_min_1.73m,90,0.509026737704097,0.6163367582968423
blood_chemistry,10,Medical_LEMON__Blood_Sample__Blood_Results_LEMON__HBA1C_in_%,109,0.31930672274494276,0.4721361501077028
blood_chemistry,10,Medical_LEMON__Blood_Sample__Blood_Results_LEMON__HBA1CI_in_mmol_mol,109,0.31914682211382955,0.4720047912436147
blood_chemistry,10,Medical_LEMON__Blood_Sample__Blood_Results_LEMON__GGT_in_µkat_l,108,0.30418193156129314,0.39784196978169617
blood_chemistry,10,Medical_LEMON__Blood_Sample__Blood_Results_LEMON__ASAT_in_µkat_l,108,0.2844444505062076,0.45048548371270963
blood_chemistry,10,Medical_LEMON__Blood_Sample__Blood_Results_LEMON__PT_in_%,104,0.2658150603477226,0.41664268546442973
blood_chemistry,10,Medical_LEMON__Blood_Sample__Blood_Results_LEMON__PLT_in_exp_9 _l,107,-0.2383743534323627,0.22482061060436898
blood_chemistry,10,Medical_LEMON__Blood_Sample__Blood_Results_LEMON__INRVOR,104,0.2252772801010737,0.38666833690029223
blood_chemistry,10,Medical_LEMON__Blood_Sample__Blood_Results_LEMON__HBA1G_in_g_dl,109,0.21782843765829307,0.4111335793369835
blood_chemistry,10,Medical_LEMON__Blood_Sample__Blood_Results_LEMON__LDLC_in_mmol_l,108,0.21618912883683494,0.42600969899545693
blood_chemistry,10,Medical_LEMON__Blood_Sample__Blood_Results_LEMON__TRIG_in_mmol_l,108,-0.21598164466466677,0.2258533016966
blood_chemistry,10,Medical_LEMON__Blood_Sample__Blood_Results_LEMON__INR,104,0.20479535162750492,0.3812255378551483
blood_chemistry,10,Medical_LEMON__Blood_Sample__Blood_Results_LEMON__ALAT_in_ µkat_l,108,0.19081145229655191,0.4971635309564978
blood_chemistry,10,Medical_LEMON__Blood_Sample__Blood_Results_LEMON__K_in_mmol_l,108,-0.18432084839691465,0.22726921375380943
blood_chemistry,10,Medical_LEMON__Blood_Sample__Blood_Results_LEMON__CHOL_in_mmol_l,108,0.15388996741483957,0.4200463057680968
blood_chemistry,10,Medical_LEMON__Blood_Sample__Blood_Results_LEMON__CL_in_mmol_l,108,0.151585276822524,0.3823665036689229
blood_chemistry,10,Medical_LEMON__Blood_Sample__Blood_Results_LEMON__GLU_in_mmol_l,108,0.1421536361221279,0.38699316201926776
blood_chemistry,10,Medical_LEMON__Blood_Sample__Blood_Results_LEMON__CRP_in_mg_l,87,0.13157624108452287,0.24035995637673407
blood_chemistry,10,Medical_LEMON__Blood_Sample__Blood_Results_LEMON__WBC_in_exp_9_l,107,-0.12100505856002125,0.243348004198267
blood_chemistry,10,Medical_LEMON__Blood_Sample__Blood_Results_LEMON__MCHK_in_pg,107,0.11283934517017305,0.33659572431201545
blood_chemistry,10,Medical_LEMON__Blood_Sample__Blood_Results_LEMON__MCH_in_fmol,107,0.10909367588783982,0.3349751676456264
blood_chemistry,10,Medical_LEMON__Blood_Sample__Blood_Results_LEMON__RDW_in_%,107,0.10009312945989728,0.28712367876478634
blood_chemistry,10,Medical_LEMON__Blood_Sample__Blood_Results_LEMON__CRE_in_µmol_l,108,0.09513855889537005,0.3561422284735957
blood_chemistry,10,Medical_LEMON__Blood_Sample__Blood_Results_LEMON__NA_in_mmol_l,108,0.09074694792133856,0.32355495985658317
blood_chemistry,10,Medical_LEMON__Blood_Sample__Blood_Results_LEMON__MPV_in_fl,105,0.08481294368454613,0.3386246341738372
blood_chemistry,10,Medical_LEMON__Blood_Sample__Blood_Results_LEMON__RBC_in_exp_12_l,107,-0.08028216957717368,0.28574111696676957
blood_chemistry,10,Medical_LEMON__Blood_Sample__Blood_Results_LEMON__TSH_in_mU_l,108,-0.058817864998038774,0.25082352262415714
blood_chemistry,10,Medical_LEMON__Blood_Sample__Blood_Results_LEMON__MCV_in_fl,107,0.058137394977038945,0.33644405459628
blood_chemistry,10,Medical_LEMON__Blood_Sample__Blood_Results_LEMON__MCHCK_in_g_dl,107,0.025889060841955348,0.2883157468797533
blood_chemistry,10,Medical_LEMON__Blood_Sample__Blood_Results_LEMON__MCHC _in_mmol_l,107,0.024125032458552645,0.28716560914582495
blood_chemistry,10,Medical_LEMON__Blood_Sample__Blood_Results_LEMON__HB_in_g_dl,109,0.023266394910739993,0.2981001693824307
blood_chemistry,10,Medical_LEMON__Blood_Sample__Blood_Results_LEMON__HDLC_in_mmol_l,108,0.022059436568799988,0.3311207210585211
blood_chemistry,10,Medical_LEMON__Blood_Sample__Blood_Results_LEMON__HCT _in_l_l,107,0.018094272578471886,0.2931986521437646
blood_chemistry,10,Medical_LEMON__Blood_Sample__Blood_Results_LEMON__HGBK_in_g_dl,107,0.017462864967972155,0.29072049205473316
blood_chemistry,10,Medical_LEMON__Blood_Sample__Blood_Results_LEMON__HGB_in_mmol_l,107,0.01676564203243843,0.2914095090571
blood_chemistry,20,Medical_LEMON__Blood_Sample__Blood_Results_LEMON__CKDEPI_in_ml_min_1.73m,90,0.4832786464596492,0.6560653612817312
blood_chemistry,20,Medical_LEMON__Blood_Sample__Blood_Results_LEMON__GGT_in_µkat_l,108,0.3532063675204437,0.4915208521926842
blood_chemistry,20,Medical_LEMON__Blood_Sample__Blood_Results_LEMON__HBA1C_in_%,109,0.2859139925966972,0.5333829433979653
blood_chemistry,20,Medical_LEMON__Blood_Sample__Blood_Results_LEMON__HBA1CI_in_mmol_mol,109,0.28574097236349777,0.5332378347345097
blood_chemistry,20,Medical_LEMON__Blood_Sample__Blood_Results_LEMON__HBA1G_in_g_dl,109,0.2585677183393918,0.5773809988866084
blood_chemistry,20,Medical_LEMON__Blood_Sample__Blood_Results_LEMON__LDLC_in_mmol_l,108,0.251224780604073,0.50838590879715
blood_chemistry,20,Medical_LEMON__Blood_Sample__Blood_Results_LEMON__PT_in_%,104,0.2270087137888927,0.49025798670187104
blood_chemistry,20,Medical_LEMON__Blood_Sample__Blood_Results_LEMON__INRVOR,104,0.20993267768948873,0.4719034170145296
blood_chemistry,20,Medical_LEMON__Blood_Sample__Blood_Results_LEMON__ASAT_in_µkat_l,108,0.20213189090348377,0.5131883677998209
blood_chemistry,20,Medical_LEMON__Blood_Sample__Blood_Results_LEMON__INR,104,0.18445046700495707,0.47508004864607345
blood_chemistry,20,Medical_LEMON__Blood_Sample__Blood_Results_LEMON__CHOL_in_mmol_l,108,0.17681910826003633,0.5070242228984341
blood_chemistry,20,Medical_LEMON__Blood_Sample__Blood_Results_LEMON__GLU_in_mmol_l,108,0.16120195344074703,0.4626218536533137
blood_chemistry,20,Medical_LEMON__Blood_Sample__Blood_Results_LEMON__CRP_in_mg_l,87,0.12960809252143363,0.24006475388689644
blood_chemistry,20,Medical_LEMON__Blood_Sample__Blood_Results_LEMON__HDLC_in_mmol_l,108,-0.11984373956871427,0.40881307932226607
blood_chemistry,20,Medical_LEMON__Blood_Sample__Blood_Results_LEMON__PLT_in_exp_9 _l,107,-0.11969591671176387,0.31389891853344537
blood_chemistry,20,Medical_LEMON__Blood_Sample__Blood_Results_LEMON__TSH_in_mU_l,108,-0.11948109097367053,0.2701764603343371
blood_chemistry,20,Medical_LEMON__Blood_Sample__Blood_Results_LEMON__RDW_in_%,107,0.11689385128707938,0.45185793027590593
blood_chemistry,20,Medical_LEMON__Blood_Sample__Blood_Results_LEMON__RBC_in_exp_12_l,107,-0.10785639540511721,0.378730571763157
blood_chemistry,20,Medical_LEMON__Blood_Sample__Blood_Results_LEMON__CRE_in_µmol_l,108,0.09482198813514733,0.44401609124896824
blood_chemistry,20,Medical_LEMON__Blood_Sample__Blood_Results_LEMON__MCV_in_fl,107,-0.09132141228406128,0.3962076367882846
blood_chemistry,20,Medical_LEMON__Blood_Sample__Blood_Results_LEMON__K_in_mmol_l,108,-0.08482697139681981,0.3587028099270162
blood_chemistry,20,Medical_LEMON__Blood_Sample__Blood_Results_LEMON__TRIG_in_mmol_l,108,-0.07281005492671122,0.38140536164543876
blood_chemistry,20,Medical_LEMON__Blood_Sample__Blood_Results_LEMON__ALAT_in_ µkat_l,108,0.06805054296610408,0.5555861293790815
blood_chemistry,20,Medical_LEMON__Blood_Sample__Blood_Results_LEMON__HB_in_g_dl,109,0.0512365643679527,0.4796608234192361
blood_chemistry,20,Medical_LEMON__Blood_Sample__Blood_Results_LEMON__HGB_in_mmol_l,107,0.05037296878472408,0.4130821264423395
blood_chemistry,20,Medical_LEMON__Blood_Sample__Blood_Results_LEMON__HGBK_in_g_dl,107,0.04591317580276784,0.4108089609626351
blood_chemistry,20,Medical_LEMON__Blood_Sample__Blood_Results_LEMON__MCH_in_fmol,107,-0.03586330866075049,0.40432468709045816
blood_chemistry,20,Medical_LEMON__Blood_Sample__Blood_Results_LEMON__MCHK_in_pg,107,-0.033570575230822366,0.405665070267623
blood_chemistry,20,Medical_LEMON__Blood_Sample__Blood_Results_LEMON__HCT _in_l_l,107,-0.028636038100979283,0.3803187670341581
blood_chemistry,20,Medical_LEMON__Blood_Sample__Blood_Results_LEMON__WBC_in_exp_9_l,107,0.021454470777093698,0.3694747645599549
blood_chemistry,20,Medical_LEMON__Blood_Sample__Blood_Results_LEMON__MCHC _in_mmol_l,107,0.017835829633586816,0.38944841731854396
blood_chemistry,20,Medical_LEMON__Blood_Sample__Blood_Results_LEMON__MCHCK_in_g_dl,107,0.01738397212438848,0.3900119578797236
blood_chemistry,20,Medical_LEMON__Blood_Sample__Blood_Results_LEMON__CL_in_mmol_l,108,0.01211260823866533,0.39003423429834266
blood_chemistry,20,Medical_LEMON__Blood_Sample__Blood_Results_LEMON__MPV_in_fl,105,-0.011484792309329531,0.387147245055139
blood_chemistry,20,Medical_LEMON__Blood_Sample__Blood_Results_LEMON__NA_in_mmol_l,108,0.009666048142448619,0.34307794892148047
blood_pressure,3,Medical_LEMON__Blood_Pressure__Blood_Pressure_LEMON__BP2_left_systole,109,0.5027147280633368,0.5369377129491447
blood_pressure,3,Medical_LEMON__Blood_Pressure__Blood_Pressure_LEMON__BP1_right_systole,107,0.43787365283043517,0.47801068183279916
blood_pressure,3,Medical_LEMON__Blood_Pressure__Blood_Pressure_LEMON__BP1_right_diastole,107,0.4195063491632902,0.46834400215689864
blood_pressure,3,Medical_LEMON__Blood_Pressure__Blood_Pressure_LEMON__BP2_left_diastole,109,0.3934562986736672,0.4310601232402525
blood_pressure,3,Medical_LEMON__Blood_Pressure__Blood_Pressure_LEMON__BP3_left_diastole,80,0.3918768511480681,0.42333985292113924
blood_pressure,3,Medical_LEMON__Blood_Pressure__Blood_Pressure_LEMON__BP1_left_systole,110,0.3903749113540917,0.4337598316362208
blood_pressure,3,Medical_LEMON__Blood_Pressure__Blood_Pressure_LEMON__BP1_left_diastole,110,0.3806627527832005,0.4202902209485008
blood_pressure,3,Medical_LEMON__Blood_Pressure__Blood_Pressure_LEMON__BP3_left_systole,80,0.2834525532328665,0.3400321990804184
blood_pressure,3,Medical_LEMON__Blood_Pressure__Blood_Pressure_LEMON__pulse1_left,108,0.2344234875445874,0.3071562671773911
blood_pressure,3,Medical_LEMON__Blood_Pressure__Blood_Pressure_LEMON__pulse1_right,106,0.2013490683363081,0.28007382438774264
blood_pressure,3,Medical_LEMON__Blood_Pressure__Blood_Pressure_LEMON__pulse2_left,109,0.08830821634718478,0.1975607711509516
blood_pressure,6,Medical_LEMON__Blood_Pressure__Blood_Pressure_LEMON__BP2_left_systole,109,0.4720838281717754,0.5513910735654406
blood_pressure,6,Medical_LEMON__Blood_Pressure__Blood_Pressure_LEMON__BP1_right_systole,107,0.4205363682651699,0.49817357559495706
blood_pressure,6,Medical_LEMON__Blood_Pressure__Blood_Pressure_LEMON__BP1_left_diastole,110,0.39184639720978215,0.457381586205771
blood_pressure,6,Medical_LEMON__Blood_Pressure__Blood_Pressure_LEMON__BP1_right_diastole,107,0.38194988540311126,0.474821765155733
blood_pressure,6,Medical_LEMON__Blood_Pressure__Blood_Pressure_LEMON__BP2_left_diastole,109,0.37283326648406856,0.4593614219829946
blood_pressure,6,Medical_LEMON__Blood_Pressure__Blood_Pressure_LEMON__BP1_left_systole,110,0.36374310392694165,0.45901424482908343
blood_pressure,6,Medical_LEMON__Blood_Pressure__Blood_Pressure_LEMON__BP3_left_diastole,80,0.35390375501735,0.4393013988373718
blood_pressure,6,Medical_LEMON__Blood_Pressure__Blood_Pressure_LEMON__BP3_left_systole,80,0.2840153095883301,0.416747695439842
blood_pressure,6,Medical_LEMON__Blood_Pressure__Blood_Pressure_LEMON__pulse1_left,108,0.19571392212345987,0.3267514802515854
blood_pressure,6,Medical_LEMON__Blood_Pressure__Blood_Pressure_LEMON__pulse1_right,106,0.1221135722237533,0.2900004239870714
blood_pressure,6,Medical_LEMON__Blood_Pressure__Blood_Pressure_LEMON__pulse2_left,109,0.0825143186947709,0.2558688291402879
blood_pressure,10,Medical_LEMON__Blood_Pressure__Blood_Pressure_LEMON__BP2_left_systole,109,0.4537214665938363,0.5894582566302031
blood_pressure,10,Medical_LEMON__Blood_Pressure__Blood_Pressure_LEMON__BP1_left_systole,110,0.39816480921207636,0.5223426954888807
blood_pressure,10,Medical_LEMON__Blood_Pressure__Blood_Pressure_LEMON__BP1_left_diastole,110,0.37561693357349885,0.49079916744254093
blood_pressure,10,Medical_LEMON__Blood_Pressure__Blood_Pressure_LEMON__BP1_right_systole,107,0.3719686331345767,0.5093468840865756
blood_pressure,10,Medical_LEMON__Blood_Pressure__Blood_Pressure_LEMON__BP2_left_diastole,109,0.3540952640732667,0.49267873206542845
blood_pressure,10,Medical_LEMON__Blood_Pressure__Blood_Pressure_LEMON__BP3_left_diastole,80,0.33373184478834805,0.47671787405625116
blood_pressure,10,Medical_LEMON__Blood_Pressure__Blood_Pressure_LEMON__BP1_right_diastole,107,0.29700761596463365,0.4864971218474322
blood_pressure,10,Medical_LEMON__Blood_Pressure__Blood_Pressure_LEMON__BP3_left_systole,80,0.2664902905230411,0.46124908336773507
blood_pressure,10,Medical_LEMON__Blood_Pressure__Blood_Pressure_LEMON__pulse1_left,108,0.1585712328608019,0.36110073636251916
blood_pressure,10,Medical_LEMON__Blood_Pressure__Blood_Pressure_LEMON__pulse1_right,106,0.13923084493362714,0.3628091728620484
blood_pressure,10,Medical_LEMON__Blood_Pressure__Blood_Pressure_LEMON__pulse2_left,109,0.12505236893363175,0.34675204997648884
blood_pressure,20,Medical_LEMON__Blood_Pressure__Blood_Pressure_LEMON__BP2_left_systole,109,0.45460359766106795,0.674240883722137
blood_pressure,20,Medical_LEMON__Blood_Pressure__Blood_Pressure_LEMON__BP1_left_systole,110,0.40687491129964887,0.6045117591487946
blood_pressure,20,Medical_LEMON__Blood_Pressure__Blood_Pressure_LEMON__BP1_right_diastole,107,0.4014029050989544,0.6266097489596472
blood_pressure,20,Medical_LEMON__Blood_Pressure__Blood_Pressure_LEMON__BP1_left_diastole,110,0.37634846849220893,0.5801299461600686
blood_pressure,20,Medical_LEMON__Blood_Pressure__Blood_Pressure_LEMON__BP1_right_systole,107,0.34545219387412535,0.5703093764912844
blood_pressure,20,Medical_LEMON__Blood_Pressure__Blood_Pressure_LEMON__BP2_left_diastole,109,0.30477752915593687,0.579884780847588
blood_pressure,20,Medical_LEMON__Blood_Pressure__Blood_Pressure_LEMON__BP3_left_diastole,80,0.29614018136371495,0.5438840599851171
blood_pressure,20,Medical_LEMON__Blood_Pressure__Blood_Pressure_LEMON__pulse1_right,106,0.2383171887719914,0.5115576356442803
blood_pressure,20,Medical_LEMON__Blood_Pressure__Blood_Pressure_LEMON__pulse1_left,108,0.21195599265753076,0.49669936920508345
blood_pressure,20,Medical_LEMON__Blood_Pressure__Blood_Pressure_LEMON__BP3_left_systole,80,0.15917038066076544,0.5313051492871269
blood_pressure,20,Medical_LEMON__Blood_Pressure__Blood_Pressure_LEMON__pulse2_left,109,0.12651824116621765,0.45924386764010083
body_size,3,Medical_LEMON__Anthropometry__Anthropometry_LEMON__Waist_cm,110,0.5132742657318943,0.5554648247913779
body_size,3,Medical_LEMON__Anthropometry__Anthropometry_LEMON__Hip_cm,110,0.3804416239701431,0.4403526168025318
body_size,3,Medical_LEMON__Anthropometry__Anthropometry_LEMON__Weight_kg,110,0.31440200884649255,0.3914337021359759
body_size,3,Medical_LEMON__Anthropometry__Anthropometry_LEMON__Height_cm,110,-0.06551237723666688,0.1155152383176937
body_size,6,Medical_LEMON__Anthropometry__Anthropometry_LEMON__Waist_cm,110,0.49407629942313674,0.5657770830649762
body_size,6,Medical_LEMON__Anthropometry__Anthropometry_LEMON__Weight_kg,110,0.3185935654153642,0.42499777594578136
body_size,6,Medical_LEMON__Anthropometry__Anthropometry_LEMON__Hip_cm,110,0.30792807755406615,0.4509223214154329
body_size,6,Medical_LEMON__Anthropometry__Anthropometry_LEMON__Height_cm,110,-0.0005230507591758014,0.23678897696620785
body_size,10,Medical_LEMON__Anthropometry__Anthropometry_LEMON__Waist_cm,110,0.47862924160688447,0.597071708486819
body_size,10,Medical_LEMON__Anthropometry__Anthropometry_LEMON__Hip_cm,110,0.2855901477242557,0.49351128074324935
body_size,10,Medical_LEMON__Anthropometry__Anthropometry_LEMON__Weight_kg,110,0.2746115067951195,0.4379527310725184
body_size,10,Medical_LEMON__Anthropometry__Anthropometry_LEMON__Height_cm,110,-0.058654576249092774,0.27739694935532533
body_size,20,Medical_LEMON__Anthropometry__Anthropometry_LEMON__Waist_cm,110,0.5031451780637216,0.7106474076255958
body_size,20,Medical_LEMON__Anthropometry__Anthropometry_LEMON__Hip_cm,110,0.24564282902725124,0.5743209509135153
body_size,20,Medical_LEMON__Anthropometry__Anthropometry_LEMON__Height_cm,110,0.18674377528493774,0.5102740983576848
body_size,20,Medical_LEMON__Anthropometry__Anthropometry_LEMON__Weight_kg,110,0.16935274735866204,0.5150365817423513
cognition,3,Cognitive_Test_Battery_LEMON__TAP_Incompatibility__TAP-Incompatibility__TAP_I_13,111,-0.6567655153586435,0.026820084261281508
cognition,3,Cognitive_Test_Battery_LEMON__TAP_Incompatibility__TAP-Incompatibility__TAP_I_12,109,-0.6087766095319742,0.014882597195359787
cognition,3,Cognitive_Test_Battery_LEMON__TAP_Working_Memory__TAP-Working_Memory__TAP_WM_10,110,-0.5897951612337443,0.025229244456587602
cognition,3,Cognitive_Test_Battery_LEMON__RWT__RWT__RWT_16,110,-0.5656318990725772,0.0419472132527157
cognition,3,Cognitive_Test_Battery_LEMON__TAP_Incompatibility__TAP-Incompatibility__TAP_I_20,111,-0.4912521641670106,0.051262945136459716
cognition,3,Cognitive_Test_Battery_LEMON__LPS__LPS__LPS_1,111,0.41247238937002867,0.4636713200328514
cognition,3,Cognitive_Test_Battery_LEMON__RWT__RWT__RWT_23,110,-0.3820839546056186,0.07986303159763318
cognition,3,Cognitive_Test_Battery_LEMON__TMT__TMT__TMT_1,111,0.33825399997780436,0.3928712684492852
cognition,3,Cognitive_Test_Battery_LEMON__TAP_Incompatibility__TAP-Incompatibility__TAP_I_6,111,-0.3193051182175891,0.08163114324552606
cognition,3,Cognitive_Test_Battery_LEMON__TMT__TMT__TMT_2,111,0.3095017119902788,0.37857221995896284
cognition,3,Cognitive_Test_Battery_LEMON__TAP_Working_Memory__TAP-Working_Memory__TAP_WM_1,111,-0.2798487512615704,0.07012959050290012
cognition,3,Cognitive_Test_Battery_LEMON__TAP_Incompatibility__TAP-Incompatibility__TAP_I_17,110,-0.2682733779185356,0.11481636336767402
cognition,3,Cognitive_Test_Battery_LEMON__TAP_Incompatibility__TAP-Incompatibility__TAP_I_8,111,0.2658981734953028,0.34916253863589014
cognition,3,Cognitive_Test_Battery_LEMON__TAP_Incompatibility__TAP-Incompatibility__TAP_I_9,111,0.2657708996509822,0.3502955987420604
cognition,3,Cognitive_Test_Battery_LEMON__TAP_Incompatibility__TAP-Incompatibility__TAP_I_15,111,0.2601083655312264,0.3425533913422681
cognition,3,Cognitive_Test_Battery_LEMON__TAP_Incompatibility__TAP-Incompatibility__TAP_I_24,110,0.2589636538039148,0.3482435766557875
cognition,3,Cognitive_Test_Battery_LEMON__TAP_Incompatibility__TAP-Incompatibility__TAP_I_16,111,0.2563015421735293,0.3408514524687928
cognition,3,Cognitive_Test_Battery_LEMON__TAP_Working_Memory__TAP-Working_Memory__TAP_WM_11,111,-0.24924388395976113,0.06810334252775431
cognition,3,Cognitive_Test_Battery_LEMON__TMT__TMT__TMT_5,111,0.2406540522492399,0.3125785077609839
cognition,3,Cognitive_Test_Battery_LEMON__CVLT___CVLT__CVLT_14,110,-0.22356105697675324,0.08027999760804308
cognition,3,Cognitive_Test_Battery_LEMON__TAP_Incompatibility__TAP-Incompatibility__TAP_I_19,110,-0.21439043717082093,0.06903633566459727
cognition,3,Cognitive_Test_Battery_LEMON__RWT__RWT__RWT_2,110,-0.20751049929924817,0.11983625126151183
cognition,3,Cognitive_Test_Battery_LEMON__RWT__RWT__RWT_15,110,0.20712867971422894,0.281700065270871
cognition,3,Cognitive_Test_Battery_LEMON__TMT__TMT__TMT_6,111,0.20593134044653827,0.2959387784650401
cognition,3,Cognitive_Test_Battery_LEMON__TAP_Incompatibility__TAP-Incompatibility__TAP_I_18,111,0.20373649049783008,0.3005650683007573
cognition,3,Cognitive_Test_Battery_LEMON__CVLT___CVLT__CVLT_6,110,0.1963175661878764,0.26252858112739086
cognition,3,Cognitive_Test_Battery_LEMON__CVLT___CVLT__CVLT_8,111,0.19554763088643345,0.25105501377607076
cognition,3,Cognitive_Test_Battery_LEMON__RWT__RWT__RWT_7,110,-0.18855758555021937,0.06124601119671873
cognition,3,Cognitive_Test_Battery_LEMON__TAP_Incompatibility__TAP-Incompatibility__TAP_I_23,107,-0.1767777190025105,0.15511088082130622
cognition,3,Cognitive_Test_Battery_LEMON__TAP_Working_Memory__TAP-Working_Memory__TAP_WM_5,109,-0.1758343988049861,0.08692444257885953
cognition,3,Cognitive_Test_Battery_LEMON__TAP_Incompatibility__TAP-Incompatibility__TAP_I_11,111,0.17214098457247,0.278011278924845
cognition,3,Cognitive_Test_Battery_LEMON__TAP_Incompatibility__TAP-Incompatibility__TAP_I_10,110,-0.1718809297828662,0.11778474165489182
cognition,3,Cognitive_Test_Battery_LEMON__TAP_Alertness__TAP-Alertness__TAP_A_6,111,0.1710746401105503,0.24476959214628988
cognition,3,Cognitive_Test_Battery_LEMON__TAP_Alertness__TAP-Alertness__TAP_A_9,107,-0.16250935297521024,0.08846934797589301
cognition,3,Cognitive_Test_Battery_LEMON__TAP_Alertness__TAP-Alertness__TAP_A_13,111,0.1562236439502789,0.2427668651440678
cognition,3,Cognitive_Test_Battery_LEMON__RWT__RWT__RWT_22,110,0.15363554437453872,0.29598614695884073
cognition,3,Cognitive_Test_Battery_LEMON__CVLT___CVLT__CVLT_9,111,0.15350100504748754,0.2552728387613236
cognition,3,Cognitive_Test_Battery_LEMON__TAP_Alertness__TAP-Alertness__TAP_A_5,111,0.14746006667939227,0.22372684331556184
cognition,3,Cognitive_Test_Battery_LEMON__RWT__RWT__RWT_6,110,0.14537975116423335,0.23871300032372786
cognition,3,Cognitive_Test_Battery_LEMON__TAP_Alertness__TAP-Alertness__TAP_A_10,111,0.1440392317188883,0.21548270403608974
cognition,3,Cognitive_Test_Battery_LEMON__TAP_Working_Memory__TAP-Working_Memory__TAP_WM_2,111,-0.14196450142389916,0.10868945066698318
cognition,3,Cognitive_Test_Battery_LEMON__TAP_Alertness__TAP-Alertness__TAP_A_1,111,0.1402027346607684,0.2112140814916554
cognition,3,Cognitive_Test_Battery_LEMON__TAP_Incompatibility__TAP-Incompatibility__TAP_I_2,111,0.13796438030496067,0.25647710270457974
cognition,3,Cognitive_Test_Battery_LEMON__TAP_Alertness__TAP-Alertness__TAP_A_16,110,-0.13542141558604046,0.12450183316300524
cognition,3,Cognitive_Test_Battery_LEMON__TAP_Incompatibility__TAP-Incompatibility__TAP_I_3,109,-0.13444876298807176,0.10627105961958552
cognition,3,Cognitive_Test_Battery_LEMON__TAP_Working_Memory__TAP-Working_Memory__TAP_WM_9,111,0.13244254390072116,0.245190385119277
cognition,3,Cognitive_Test_Battery_LEMON__TAP_Working_Memory__TAP-Working_Memory__TAP_WM_6,111,0.13123870333835613,0.24587705715896763
cognition,3,Cognitive_Test_Battery_LEMON__TAP_Incompatibility__TAP-Incompatibility__TAP_I_4,111,0.1260227024759727,0.2527139753239634
cognition,3,Cognitive_Test_Battery_LEMON__TMT__TMT__TMT_3,111,0.12597304604263487,0.2053220817000171
cognition,3,Cognitive_Test_Battery_LEMON__RWT__RWT__RWT_8,110,0.12436370626374375,0.26052230607770366
cognition,3,Cognitive_Test_Battery_LEMON__TAP_Incompatibility__TAP-Incompatibility__TAP_I_22,109,-0.12332542752158811,0.10802707295791528
cognition,3,Cognitive_Test_Battery_LEMON__TAP_Alertness__TAP-Alertness__TAP_A_2,111,0.1224026771222879,0.20187165686978611
cognition,3,Cognitive_Test_Battery_LEMON__TAP_Incompatibility__TAP-Incompatibility__TAP_I_1,111,0.12065759678216652,0.24726082578899578
cognition,3,Cognitive_Test_Battery_LEMON__RWT__RWT__RWT_13,110,0.11938791644355157,0.20276170653166412
cognition,3,Cognitive_Test_Battery_LEMON__CVLT___CVLT__CVLT_7,78,-0.11570042875263595,0.08666640783515701
cognition,3,Cognitive_Test_Battery_LEMON__CVLT___CVLT__CVLT_13,110,-0.11293400546878224,0.09750745470158555
cognition,3,Cognitive_Test_Battery_LEMON__RWT__RWT__RWT_1,110,0.11170088372859863,0.24037066343360733
cognition,3,Cognitive_Test_Battery_LEMON__TAP_Alertness__TAP-Alertness__TAP_A_4,111,0.11008607927342147,0.2126170989701066
cognition,3,Cognitive_Test_Battery_LEMON__CVLT___CVLT__CVLT_11,110,0.10940622543945601,0.21423751263368992
cognition,3,Cognitive_Test_Battery_LEMON__RWT__RWT__RWT_21,104,0.10769042937381053,0.2087372934095376
cognition,3,Cognitive_Test_Battery_LEMON__TAP_Incompatibility__TAP-Incompatibility__TAP_I_26,110,0.10757506674730774,0.25748518020805683
cognition,3,Cognitive_Test_Battery_LEMON__RWT__RWT__RWT_18,110,-0.1068903442058757,0.17263896183499824
cognition,3,Cognitive_Test_Battery_LEMON__TAP_Working_Memory__TAP-Working_Memory__TAP_WM_7,111,-0.09993809360701245,0.14169667363269256
cognition,3,Cognitive_Test_Battery_LEMON__TAP_Alertness__TAP-Alertness__TAP_A_11,111,0.09385801987098029,0.18300885139352932
cognition,3,Cognitive_Test_Battery_LEMON__TAP_Alertness__TAP-Alertness__TAP_A_3,111,0.09133948614794551,0.1854417377733987
cognition,3,Cognitive_Test_Battery_LEMON__RWT__RWT__RWT_20,110,0.08593933180250093,0.194526497251254
cognition,3,Cognitive_Test_Battery_LEMON__CVLT___CVLT__CVLT_5,110,0.07998791349648071,0.19555657885111555
cognition,3,Cognitive_Test_Battery_LEMON__RWT__RWT__RWT_3,110,-0.07963237114683869,0.13214462263469662
cognition,3,Cognitive_Test_Battery_LEMON__RWT__RWT__RWT_5,110,0.07858550051371319,0.21470505726957764
cognition,3,Cognitive_Test_Battery_LEMON__TAP_Incompatibility__TAP-Incompatibility__TAP_I_21,107,0.07454205068554147,0.1886337701922864
cognition,3,Cognitive_Test_Battery_LEMON__TMT__TMT__TMT_7,111,0.07388426413170322,0.19759643842851782
cognition,3,Cognitive_Test_Battery_LEMON__TAP_Incompatibility__TAP-Incompatibility__TAP_I_27,109,-0.0707425877823819,0.15263152779573605
cognition,3,Cognitive_Test_Battery_LEMON__CVLT___CVLT__CVLT_15,110,0.06971363075296455,0.2014078044227528
cognition,3,Cognitive_Test_Battery_LEMON__CVLT___CVLT__CVLT_12,109,0.06855327020667182,0.19640697297848492
cognition,3,Cognitive_Test_Battery_LEMON__CVLT___CVLT__CVLT_2,111,0.06720690205592142,0.18215264111622803
cognition,3,Cognitive_Test_Battery_LEMON__TAP_Alertness__TAP-Alertness__TAP_A_15,111,-0.06490561283007858,0.14257484161527526
cognition,3,Cognitive_Test_Battery_LEMON__TAP_Alertness__TAP-Alertness__TAP_A_14,109,0.06311441587014044,0.17056164692459208
cognition,3,Cognitive_Test_Battery_LEMON__TAP_Incompatibility__TAP-Incompatibility__TAP_I_25,107,0.054967287343584616,0.19419471731478308
cognition,3,Cognitive_Test_Battery_LEMON__TAP_Working_Memory__TAP-Working_Memory__TAP_WM_4,111,-0.05391642386470725,0.12634357147287467
cognition,3,Cognitive_Test_Battery_LEMON__RWT__RWT__RWT_11,110,-0.049231177175331015,0.10056102190990825
cognition,3,Cognitive_Test_Battery_LEMON__RWT__RWT__RWT_10,110,0.04776484354878821,0.1814514977045892
cognition,3,Cognitive_Test_Battery_LEMON__RWT__RWT__RWT_4,110,0.039865158082824884,0.15438723436245902
cognition,3,Cognitive_Test_Battery_LEMON__TAP_Incompatibility__TAP-Incompatibility__TAP_I_5,110,-0.03811506134665221,0.13269311634954062
cognition,3,Cognitive_Test_Battery_LEMON__TAP_Alertness__TAP-Alertness__TAP_A_7,110,-0.038104376390659694,0.1468657154642024
cognition,3,Cognitive_Test_Battery_LEMON__RWT__RWT__RWT_9,110,-0.03753202530782491,0.1769220114934014
cognition,3,Cognitive_Test_Battery_LEMON__TAP_Working_Memory__TAP-Working_Memory__TAP_WM_8,65,-0.03746774963130818,0.15229933630076686
cognition,3,Cognitive_Test_Battery_LEMON__WST__WST__WST_4,111,-0.034202002869562056,0.1393215100389669
cognition,3,Cognitive_Test_Battery_LEMON__TAP_Alertness__TAP-Alertness__TAP_A_8,111,-0.033185482360191594,0.12235039437223437
cognition,3,Cognitive_Test_Battery_LEMON__WST__WST__WST_2,111,-0.02800955514426659,0.14227911930194242
cognition,3,Cognitive_Test_Battery_LEMON__WST__WST__WST_3,111,-0.0268934849959441,0.14241160974849637
cognition,3,Cognitive_Test_Battery_LEMON__RWT__RWT__RWT_19,110,-0.02689243755101457,0.14654597074935266
cognition,3,Cognitive_Test_Battery_LEMON__RWT__RWT__RWT_14,103,0.02431851504266396,0.1459889168841585
cognition,3,Cognitive_Test_Battery_LEMON__CVLT___CVLT__CVLT_4,111,0.023471727150648717,0.14867263274544595
cognition,3,Cognitive_Test_Battery_LEMON__CVLT___CVLT__CVLT_3,110,0.022210503025440368,0.1811572712896785
cognition,3,Cognitive_Test_Battery_LEMON__TAP_Working_Memory__TAP-Working_Memory__TAP_WM_3,109,-0.01905303468824256,0.184688532840507
cognition,3,Cognitive_Test_Battery_LEMON__TAP_Incompatibility__TAP-Incompatibility__TAP_I_14,108,0.01651496811292012,0.1575253897194952
cognition,3,Cognitive_Test_Battery_LEMON__CVLT___CVLT__CVLT_10,110,0.016371342950378138,0.17917310501238382
cognition,3,Cognitive_Test_Battery_LEMON__RWT__RWT__RWT_17,110,-0.010229713100740799,0.15568465401048154
cognition,3,Cognitive_Test_Battery_LEMON__TAP_Alertness__TAP-Alertness__TAP_A_12,110,-0.009536673850630579,0.1480635872064062
cognition,3,Cognitive_Test_Battery_LEMON__WST__WST__WST_1,111,-0.005558679659158839,0.14058963748182374
cognition,3,Cognitive_Test_Battery_LEMON__CVLT___CVLT__CVLT_1,111,0.0028142331940907636,0.23083579894877426
cognition,6,Cognitive_Test_Battery_LEMON__LPS__LPS__LPS_1,111,0.44259848063719726,0.5220110297205385
cognition,6,Cognitive_Test_Battery_LEMON__TAP_Incompatibility__TAP-Incompatibility__TAP_I_13,111,-0.3166575203350531,0.22218856621913416
cognition,6,Cognitive_Test_Battery_LEMON__TAP_Incompatibility__TAP-Incompatibility__TAP_I_10,110,-0.30551711619009964,0.14620839402125
cognition,6,Cognitive_Test_Battery_LEMON__TAP_Incompatibility__TAP-Incompatibility__TAP_I_12,109,-0.29790444231137303,0.11853954638926492
cognition,6,Cognitive_Test_Battery_LEMON__TMT__TMT__TMT_1,111,0.2763353413992668,0.4059775378111953
cognition,6,Cognitive_Test_Battery_LEMON__TMT__TMT__TMT_2,111,0.25837643102903934,0.3942475900497177
cognition,6,Cognitive_Test_Battery_LEMON__RWT__RWT__RWT_15,110,0.2344279937385912,0.3464547263799572
cognition,6,Cognitive_Test_Battery_LEMON__TAP_Incompatibility__TAP-Incompatibility__TAP_I_24,110,0.2327393847994653,0.3706943420441281
cognition,6,Cognitive_Test_Battery_LEMON__RWT__RWT__RWT_16,110,-0.22676172741547385,0.11248307391210903
cognition,6,Cognitive_Test_Battery_LEMON__TAP_Incompatibility__TAP-Incompatibility__TAP_I_9,111,0.2211508136995685,0.4134313971426856
cognition,6,Cognitive_Test_Battery_LEMON__TAP_Working_Memory__TAP-Working_Memory__TAP_WM_5,109,-0.21867018281118053,0.14247664534389387
cognition,6,Cognitive_Test_Battery_LEMON__CVLT___CVLT__CVLT_13,110,-0.21352496131621093,0.14489891938383226
cognition,6,Cognitive_Test_Battery_LEMON__TAP_Alertness__TAP-Alertness__TAP_A_16,110,-0.2107920525138219,0.17160239957483497
cognition,6,Cognitive_Test_Battery_LEMON__TAP_Incompatibility__TAP-Incompatibility__TAP_I_20,111,-0.20984054907070984,0.3061481009424338
cognition,6,Cognitive_Test_Battery_LEMON__RWT__RWT__RWT_22,110,0.205019892780347,0.3874560641587756
cognition,6,Cognitive_Test_Battery_LEMON__TAP_Incompatibility__TAP-Incompatibility__TAP_I_8,111,0.20071438735735922,0.39584693194920234
cognition,6,Cognitive_Test_Battery_LEMON__TMT__TMT__TMT_5,111,0.20062581459975765,0.35276628364784635
cognition,6,Cognitive_Test_Battery_LEMON__TAP_Working_Memory__TAP-Working_Memory__TAP_WM_4,111,-0.19514565827877317,0.1512938829942683
cognition,6,Cognitive_Test_Battery_LEMON__TAP_Incompatibility__TAP-Incompatibility__TAP_I_26,110,0.17657285065169692,0.37266287130990305
cognition,6,Cognitive_Test_Battery_LEMON__TAP_Incompatibility__TAP-Incompatibility__TAP_I_16,111,0.17496304054276363,0.35332479735232625
cognition,6,Cognitive_Test_Battery_LEMON__RWT__RWT__RWT_2,110,-0.1724781735732782,0.21014042803118577
cognition,6,Cognitive_Test_Battery_LEMON__TAP_Incompatibility__TAP-Incompatibility__TAP_I_15,111,0.1701459482571991,0.3585008176083644
cognition,6,Cognitive_Test_Battery_LEMON__TAP_Alertness__TAP-Alertness__TAP_A_15,111,-0.15752663704035083,0.1792286850009688
cognition,6,Cognitive_Test_Battery_LEMON__TAP_Working_Memory__TAP-Working_Memory__TAP_WM_9,111,0.14747074431882973,0.34184886366938105
cognition,6,Cognitive_Test_Battery_LEMON__TAP_Working_Memory__TAP-Working_Memory__TAP_WM_6,111,0.1456401045853387,0.34189992053610196
cognition,6,Cognitive_Test_Battery_LEMON__RWT__RWT__RWT_23,110,-0.13887004823314733,0.13527586458929938
cognition,6,Cognitive_Test_Battery_LEMON__TAP_Alertness__TAP-Alertness__TAP_A_8,111,-0.13015015263901605,0.15396526608497088
cognition,6,Cognitive_Test_Battery_LEMON__RWT__RWT__RWT_9,110,-0.1269440642514783,0.23578371433192186
cognition,6,Cognitive_Test_Battery_LEMON__TAP_Incompatibility__TAP-Incompatibility__TAP_I_17,110,-0.12500667172323932,0.2033240056001452
cognition,6,Cognitive_Test_Battery_LEMON__CVLT___CVLT__CVLT_9,111,0.12181859144283631,0.3059471424282958
cognition,6,Cognitive_Test_Battery_LEMON__CVLT___CVLT__CVLT_12,109,0.12058239124158325,0.29778095820278433
cognition,6,Cognitive_Test_Battery_LEMON__RWT__RWT__RWT_10,110,0.11773495929671093,0.2895473343213413
cognition,6,Cognitive_Test_Battery_LEMON__TMT__TMT__TMT_6,111,0.11667082440897404,0.3195958876658977
cognition,6,Cognitive_Test_Battery_LEMON__CVLT___CVLT__CVLT_6,110,0.11532491077267734,0.28814125011910896
cognition,6,Cognitive_Test_Battery_LEMON__TAP_Working_Memory__TAP-Working_Memory__TAP_WM_11,111,-0.114115895529851,0.19630878693477033
cognition,6,Cognitive_Test_Battery_LEMON__TAP_Incompatibility__TAP-Incompatibility__TAP_I_22,109,-0.11408629206092094,0.171346869631107
cognition,6,Cognitive_Test_Battery_LEMON__RWT__RWT__RWT_5,110,-0.11000778917436645,0.22151128185858054
cognition,6,Cognitive_Test_Battery_LEMON__CVLT___CVLT__CVLT_11,110,0.10960263569525865,0.2855716548125531
cognition,6,Cognitive_Test_Battery_LEMON__TAP_Incompatibility__TAP-Incompatibility__TAP_I_19,110,-0.10610829315097267,0.2088546900398698
cognition,6,Cognitive_Test_Battery_LEMON__TAP_Alertness__TAP-Alertness__TAP_A_7,110,-0.10396483127834752,0.20422176438247988
cognition,6,Cognitive_Test_Battery_LEMON__TAP_Alertness__TAP-Alertness__TAP_A_14,109,0.09614584356679877,0.2814761607443031
cognition,6,Cognitive_Test_Battery_LEMON__TAP_Incompatibility__TAP-Incompatibility__TAP_I_23,107,-0.09544713104329111,0.23214822151677147
cognition,6,Cognitive_Test_Battery_LEMON__TAP_Incompatibility__TAP-Incompatibility__TAP_I_3,109,0.09217497540300973,0.287891681341129
cognition,6,Cognitive_Test_Battery_LEMON__RWT__RWT__RWT_7,110,-0.08990646756916121,0.11507881562841152
cognition,6,Cognitive_Test_Battery_LEMON__TAP_Incompatibility__TAP-Incompatibility__TAP_I_25,107,0.08625486372826595,0.2899571163610608
cognition,6,Cognitive_Test_Battery_LEMON__TAP_Working_Memory__TAP-Working_Memory__TAP_WM_8,65,-0.08435340920710768,0.19878652502496466
cognition,6,Cognitive_Test_Battery_LEMON__RWT__RWT__RWT_6,110,0.08263947638820736,0.29958483507617717
cognition,6,Cognitive_Test_Battery_LEMON__CVLT___CVLT__CVLT_4,111,0.07911656664435229,0.2732870888235243
cognition,6,Cognitive_Test_Battery_LEMON__CVLT___CVLT__CVLT_7,78,-0.07777121422470037,0.1971779436651457
cognition,6,Cognitive_Test_Battery_LEMON__TAP_Working_Memory__TAP-Working_Memory__TAP_WM_7,111,-0.07770445098860486,0.22420568365428467
cognition,6,Cognitive_Test_Battery_LEMON__TAP_Incompatibility__TAP-Incompatibility__TAP_I_6,111,-0.07703734096456119,0.37085387961239935
cognition,6,Cognitive_Test_Battery_LEMON__TAP_Alertness__TAP-Alertness__TAP_A_13,111,0.07695200997074995,0.2658744082055328
cognition,6,Cognitive_Test_Battery_LEMON__RWT__RWT__RWT_17,110,0.07169927807111957,0.283452756779767
cognition,6,Cognitive_Test_Battery_LEMON__RWT__RWT__RWT_21,104,0.071307846014072,0.25507241280079046
cognition,6,Cognitive_Test_Battery_LEMON__TAP_Alertness__TAP-Alertness__TAP_A_9,107,-0.06785218586470589,0.2113408068118985
cognition,6,Cognitive_Test_Battery_LEMON__TAP_Incompatibility__TAP-Incompatibility__TAP_I_5,110,0.06637824546206811,0.2702008374673545
cognition,6,Cognitive_Test_Battery_LEMON__TAP_Incompatibility__TAP-Incompatibility__TAP_I_18,111,0.0645487264967097,0.32008177928226045
cognition,6,Cognitive_Test_Battery_LEMON__RWT__RWT__RWT_11,110,-0.06402600631551546,0.12803764283457575
cognition,6,Cognitive_Test_Battery_LEMON__TAP_Incompatibility__TAP-Incompatibility__TAP_I_14,108,-0.06393321252812197,0.19407692478803362
cognition,6,Cognitive_Test_Battery_LEMON__TMT__TMT__TMT_7,111,-0.06132652942138357,0.22722169458774383
cognition,6,Cognitive_Test_Battery_LEMON__CVLT___CVLT__CVLT_5,110,0.06082814464936617,0.25208535628377343
cognition,6,Cognitive_Test_Battery_LEMON__CVLT___CVLT__CVLT_8,111,0.06078125542035129,0.3169534493000482
cognition,6,Cognitive_Test_Battery_LEMON__RWT__RWT__RWT_13,110,0.059649480007593784,0.2630955571645117
cognition,6,Cognitive_Test_Battery_LEMON__RWT__RWT__RWT_3,110,0.05399610697283925,0.2217394703313606
cognition,6,Cognitive_Test_Battery_LEMON__TAP_Alertness__TAP-Alertness__TAP_A_4,111,0.052980811887310325,0.25627953893842154
cognition,6,Cognitive_Test_Battery_LEMON__TAP_Alertness__TAP-Alertness__TAP_A_6,111,0.04932237794040878,0.25198310075348085
cognition,6,Cognitive_Test_Battery_LEMON__RWT__RWT__RWT_20,110,0.045731421431943,0.25820455387952396
cognition,6,Cognitive_Test_Battery_LEMON__CVLT___CVLT__CVLT_2,111,-0.04525460355866652,0.24311984218554314
cognition,6,Cognitive_Test_Battery_LEMON__TAP_Alertness__TAP-Alertness__TAP_A_11,111,-0.04012304860448374,0.1834430791626422
cognition,6,Cognitive_Test_Battery_LEMON__RWT__RWT__RWT_4,110,-0.03999392658236162,0.16584552962386187
cognition,6,Cognitive_Test_Battery_LEMON__CVLT___CVLT__CVLT_14,110,0.0391162087672087,0.24223041657843958
cognition,6,Cognitive_Test_Battery_LEMON__CVLT___CVLT__CVLT_15,110,0.0383501653874986,0.245159772659152
cognition,6,Cognitive_Test_Battery_LEMON__TAP_Incompatibility__TAP-Incompatibility__TAP_I_11,111,0.03468410268355684,0.3187588816852796
cognition,6,Cognitive_Test_Battery_LEMON__TAP_Incompatibility__TAP-Incompatibility__TAP_I_27,109,-0.034262497316345585,0.2497264459549088
cognition,6,Cognitive_Test_Battery_LEMON__TAP_Working_Memory__TAP-Working_Memory__TAP_WM_2,111,0.03319815725019168,0.259218835042932
cognition,6,Cognitive_Test_Battery_LEMON__RWT__RWT__RWT_8,110,-0.03036842595726553,0.27275158469482635
cognition,6,Cognitive_Test_Battery_LEMON__TAP_Alertness__TAP-Alertness__TAP_A_3,111,-0.029862608393583612,0.1876902081872227
cognition,6,Cognitive_Test_Battery_LEMON__TAP_Working_Memory__TAP-Working_Memory__TAP_WM_3,109,0.029008005587234636,0.2424260194661344
cognition,6,Cognitive_Test_Battery_LEMON__RWT__RWT__RWT_14,103,0.02818311563905926,0.22307022855665457
cognition,6,Cognitive_Test_Battery_LEMON__TAP_Working_Memory__TAP-Working_Memory__TAP_WM_1,111,0.027522657638098736,0.25874584688861635
cognition,6,Cognitive_Test_Battery_LEMON__WST__WST__WST_1,111,0.026909912814188648,0.21919174284665163
cognition,6,Cognitive_Test_Battery_LEMON__TAP_Alertness__TAP-Alertness__TAP_A_12,110,-0.026864019659475682,0.2193770458543118
cognition,6,Cognitive_Test_Battery_LEMON__TAP_Incompatibility__TAP-Incompatibility__TAP_I_1,111,0.025559733061421633,0.2673411890077405
cognition,6,Cognitive_Test_Battery_LEMON__CVLT___CVLT__CVLT_3,110,-0.02526357203354827,0.20567935101812213
cognition,6,Cognitive_Test_Battery_LEMON__TAP_Alertness__TAP-Alertness__TAP_A_10,111,0.025227353478846443,0.2174027903792757
cognition,6,Cognitive_Test_Battery_LEMON__WST__WST__WST_2,111,0.024381153647904403,0.22110998352469224
cognition,6,Cognitive_Test_Battery_LEMON__WST__WST__WST_4,111,0.02157577307273655,0.22110993236815255
cognition,6,Cognitive_Test_Battery_LEMON__TAP_Incompatibility__TAP-Incompatibility__TAP_I_4,111,0.02041802503026601,0.254236201638442
cognition,6,Cognitive_Test_Battery_LEMON__WST__WST__WST_3,111,0.02024385785985274,0.2191801630026651
cognition,6,Cognitive_Test_Battery_LEMON__TAP_Incompatibility__TAP-Incompatibility__TAP_I_2,111,0.016894271777811404,0.2600262507218538
cognition,6,Cognitive_Test_Battery_LEMON__TAP_Alertness__TAP-Alertness__TAP_A_2,111,0.016049926151901706,0.2139118823559984
cognition,6,Cognitive_Test_Battery_LEMON__CVLT___CVLT__CVLT_10,110,-0.014991393936859963,0.24651743967521836
cognition,6,Cognitive_Test_Battery_LEMON__TAP_Alertness__TAP-Alertness__TAP_A_5,111,0.013791417425909017,0.23371678337400292
cognition,6,Cognitive_Test_Battery_LEMON__TMT__TMT__TMT_3,111,0.012285213995365665,0.22391983855779451
cognition,6,Cognitive_Test_Battery_LEMON__RWT__RWT__RWT_19,110,-0.011688969925716318,0.1699314745838383
cognition,6,Cognitive_Test_Battery_LEMON__TAP_Incompatibility__TAP-Incompatibility__TAP_I_21,107,-0.009426808873593389,0.20932531434472298
cognition,6,Cognitive_Test_Battery_LEMON__RWT__RWT__RWT_1,110,-0.009108208736980952,0.25696335198141984
cognition,6,Cognitive_Test_Battery_LEMON__TAP_Working_Memory__TAP-Working_Memory__TAP_WM_10,110,0.006180305164051862,0.24826234349639456
cognition,6,Cognitive_Test_Battery_LEMON__TAP_Alertness__TAP-Alertness__TAP_A_1,111,0.006132340243267573,0.22564233660004718
cognition,6,Cognitive_Test_Battery_LEMON__CVLT___CVLT__CVLT_1,111,-0.0032408169190571547,0.2434526812284241
cognition,6,Cognitive_Test_Battery_LEMON__RWT__RWT__RWT_18,110,-0.00022694710309704522,0.2948338544900109
cognition,10,Cognitive_Test_Battery_LEMON__LPS__LPS__LPS_1,111,0.42239170545864657,0.557249824192225
cognition,10,Cognitive_Test_Battery_LEMON__TAP_Incompatibility__TAP-Incompatibility__TAP_I_13,111,-0.40994408045998637,0.32607734635655916
cognition,10,Cognitive_Test_Battery_LEMON__TAP_Incompatibility__TAP-Incompatibility__TAP_I_16,111,0.36864651411694177,0.533057474581185
cognition,10,Cognitive_Test_Battery_LEMON__TAP_Incompatibility__TAP-Incompatibility__TAP_I_15,111,0.34874830290749465,0.52988149625187
cognition,10,Cognitive_Test_Battery_LEMON__TMT__TMT__TMT_1,111,0.31617803403609485,0.48356543026248755
cognition,10,Cognitive_Test_Battery_LEMON__TAP_Incompatibility__TAP-Incompatibility__TAP_I_8,111,0.31249083361155366,0.5208608044178177
cognition,10,Cognitive_Test_Battery_LEMON__TAP_Incompatibility__TAP-Incompatibility__TAP_I_20,111,-0.2908978123959299,0.42485677239073305
cognition,10,Cognitive_Test_Battery_LEMON__TAP_Incompatibility__TAP-Incompatibility__TAP_I_9,111,0.289238132836815,0.5151585942178728
cognition,10,Cognitive_Test_Battery_LEMON__TAP_Incompatibility__TAP-Incompatibility__TAP_I_1,111,0.28320698851376747,0.4986771169407249
cognition,10,Cognitive_Test_Battery_LEMON__CVLT___CVLT__CVLT_13,110,-0.259592033602871,0.18377891232245025
cognition,10,Cognitive_Test_Battery_LEMON__TMT__TMT__TMT_2,111,0.2576718684042176,0.45695969251702234
cognition,10,Cognitive_Test_Battery_LEMON__TAP_Incompatibility__TAP-Incompatibility__TAP_I_2,111,0.24420651132766263,0.4826686735030676
cognition,10,Cognitive_Test_Battery_LEMON__TAP_Incompatibility__TAP-Incompatibility__TAP_I_12,109,-0.2306011456808824,0.23840638678901085
cognition,10,Cognitive_Test_Battery_LEMON__TAP_Incompatibility__TAP-Incompatibility__TAP_I_24,110,0.21864993086807716,0.45211770893856384
cognition,10,Cognitive_Test_Battery_LEMON__TMT__TMT__TMT_6,111,0.2053199728203539,0.44858938786876534
cognition,10,Cognitive_Test_Battery_LEMON__TMT__TMT__TMT_5,111,0.202822689358481,0.43569152421326846
cognition,10,Cognitive_Test_Battery_LEMON__RWT__RWT__RWT_2,110,-0.185058906350593,0.262805388547381
cognition,10,Cognitive_Test_Battery_LEMON__RWT__RWT__RWT_15,110,0.1809801221023318,0.36775564511818104
cognition,10,Cognitive_Test_Battery_LEMON__RWT__RWT__RWT_9,110,-0.17978226271098843,0.28500408581248715
cognition,10,Cognitive_Test_Battery_LEMON__RWT__RWT__RWT_22,110,0.17866751961267388,0.43027488298564565
cognition,10,Cognitive_Test_Battery_LEMON__TAP_Incompatibility__TAP-Incompatibility__TAP_I_26,110,0.1704289273685876,0.43426188744355465
cognition,10,Cognitive_Test_Battery_LEMON__RWT__RWT__RWT_13,110,0.16845883565445144,0.3859985704060106
cognition,10,Cognitive_Test_Battery_LEMON__TAP_Incompatibility__TAP-Incompatibility__TAP_I_14,108,-0.16443485574731492,0.2047238837918216
cognition,10,Cognitive_Test_Battery_LEMON__TAP_Incompatibility__TAP-Incompatibility__TAP_I_23,107,-0.15814689116361,0.26152023191277474
cognition,10,Cognitive_Test_Battery_LEMON__TAP_Working_Memory__TAP-Working_Memory__TAP_WM_6,111,0.1456696468673332,0.4136103355759255
cognition,10,Cognitive_Test_Battery_LEMON__TAP_Working_Memory__TAP-Working_Memory__TAP_WM_9,111,0.14294444419923513,0.40866907481853265
cognition,10,Cognitive_Test_Battery_LEMON__TAP_Alertness__TAP-Alertness__TAP_A_8,111,-0.13800770234255358,0.22578288796426244
cognition,10,Cognitive_Test_Battery_LEMON__WST__WST__WST_4,111,0.13670993013962937,0.3731958726879929
cognition,10,Cognitive_Test_Battery_LEMON__TAP_Incompatibility__TAP-Incompatibility__TAP_I_4,111,0.1366404041368152,0.4313582721824356
cognition,10,Cognitive_Test_Battery_LEMON__RWT__RWT__RWT_4,110,-0.1352324425559057,0.208767667675261
cognition,10,Cognitive_Test_Battery_LEMON__TAP_Incompatibility__TAP-Incompatibility__TAP_I_18,111,0.1346697796276458,0.4393518835518472
cognition,10,Cognitive_Test_Battery_LEMON__WST__WST__WST_2,111,0.13385785482060877,0.370379728740313
cognition,10,Cognitive_Test_Battery_LEMON__TAP_Incompatibility__TAP-Incompatibility__TAP_I_22,109,-0.1320361723807987,0.2219248627417316
cognition,10,Cognitive_Test_Battery_LEMON__WST__WST__WST_3,111,0.13033937738359785,0.36885636605417904
cognition,10,Cognitive_Test_Battery_LEMON__TAP_Incompatibility__TAP-Incompatibility__TAP_I_19,110,-0.12867589540920993,0.2691908894087381
cognition,10,Cognitive_Test_Battery_LEMON__TAP_Incompatibility__TAP-Incompatibility__TAP_I_3,109,0.12465610147792464,0.35597837938664273
cognition,10,Cognitive_Test_Battery_LEMON__CVLT___CVLT__CVLT_9,111,0.11955723937370645,0.3788352020295314
cognition,10,Cognitive_Test_Battery_LEMON__CVLT___CVLT__CVLT_6,110,0.11943603105986914,0.35306571370221584
cognition,10,Cognitive_Test_Battery_LEMON__RWT__RWT__RWT_17,110,0.11849154519188014,0.37879347883681064
cognition,10,Cognitive_Test_Battery_LEMON__RWT__RWT__RWT_20,110,0.11823194415384596,0.3711744632560752
cognition,10,Cognitive_Test_Battery_LEMON__RWT__RWT__RWT_19,110,0.11221841729570123,0.3140662091114993
cognition,10,Cognitive_Test_Battery_LEMON__RWT__RWT__RWT_21,104,0.11002509579454454,0.3457077089096736
cognition,10,Cognitive_Test_Battery_LEMON__WST__WST__WST_1,111,0.1071105445493268,0.3494985935813621
cognition,10,Cognitive_Test_Battery_LEMON__CVLT___CVLT__CVLT_7,78,-0.10562870659489994,0.23108411856662522
cognition,10,Cognitive_Test_Battery_LEMON__RWT__RWT__RWT_5,110,-0.10349765505967994,0.3085264030457243
cognition,10,Cognitive_Test_Battery_LEMON__RWT__RWT__RWT_8,110,-0.10253242230994633,0.30991507772852755
cognition,10,Cognitive_Test_Battery_LEMON__TAP_Incompatibility__TAP-Incompatibility__TAP_I_6,111,-0.09784094074145641,0.4933223095568612
cognition,10,Cognitive_Test_Battery_LEMON__RWT__RWT__RWT_14,103,0.09684867958826802,0.3207333351212541
cognition,10,Cognitive_Test_Battery_LEMON__TAP_Alertness__TAP-Alertness__TAP_A_9,107,-0.09563462200402548,0.27009913704402605
cognition,10,Cognitive_Test_Battery_LEMON__TAP_Working_Memory__TAP-Working_Memory__TAP_WM_1,111,0.09465540649881934,0.3663484793830501
cognition,10,Cognitive_Test_Battery_LEMON__RWT__RWT__RWT_18,110,-0.0943037817269175,0.33830198922568283
cognition,10,Cognitive_Test_Battery_LEMON__CVLT___CVLT__CVLT_10,110,-0.0939699442667594,0.2819406467045905
cognition,10,Cognitive_Test_Battery_LEMON__TAP_Incompatibility__TAP-Incompatibility__TAP_I_17,110,0.08941804160991312,0.3487037403160052
cognition,10,Cognitive_Test_Battery_LEMON__TAP_Alertness__TAP-Alertness__TAP_A_2,111,0.08857966577651967,0.3127897704964977
cognition,10,Cognitive_Test_Battery_LEMON__RWT__RWT__RWT_10,110,0.0883856217490677,0.335942428015905
cognition,10,Cognitive_Test_Battery_LEMON__TAP_Incompatibility__TAP-Incompatibility__TAP_I_10,110,-0.08410631721282179,0.2951630511752037
cognition,10,Cognitive_Test_Battery_LEMON__TAP_Working_Memory__TAP-Working_Memory__TAP_WM_8,65,-0.07574002798403374,0.2846955459274212
cognition,10,Cognitive_Test_Battery_LEMON__TMT__TMT__TMT_7,111,0.07547324639113594,0.357079676406764
cognition,10,Cognitive_Test_Battery_LEMON__TAP_Alertness__TAP-Alertness__TAP_A_6,111,0.07368710048248861,0.33723695250794916
cognition,10,Cognitive_Test_Battery_LEMON__TAP_Alertness__TAP-Alertness__TAP_A_10,111,0.07322620629110059,0.3096801743730005
cognition,10,Cognitive_Test_Battery_LEMON__TAP_Alertness__TAP-Alertness__TAP_A_7,110,-0.07292356478312702,0.2985654052375642
cognition,10,Cognitive_Test_Battery_LEMON__TAP_Alertness__TAP-Alertness__TAP_A_3,111,-0.07006270154545785,0.24022586263649925
cognition,10,Cognitive_Test_Battery_LEMON__TAP_Working_Memory__TAP-Working_Memory__TAP_WM_4,111,-0.07000533148363146,0.302478663511042
cognition,10,Cognitive_Test_Battery_LEMON__RWT__RWT__RWT_1,110,-0.0683040273981384,0.29325672219741983
cognition,10,Cognitive_Test_Battery_LEMON__TAP_Incompatibility__TAP-Incompatibility__TAP_I_11,111,0.06686496005792564,0.43055406267201535
cognition,10,Cognitive_Test_Battery_LEMON__TMT__TMT__TMT_3,111,-0.06583473676036669,0.23780920828036292
cognition,10,Cognitive_Test_Battery_LEMON__TAP_Alertness__TAP-Alertness__TAP_A_1,111,0.06433237632680121,0.3166927785061983
cognition,10,Cognitive_Test_Battery_LEMON__TAP_Incompatibility__TAP-Incompatibility__TAP_I_25,107,0.0634594229360142,0.3219164674415385
cognition,10,Cognitive_Test_Battery_LEMON__TAP_Alertness__TAP-Alertness__TAP_A_16,110,-0.062329666269415454,0.32106478186212656
cognition,10,Cognitive_Test_Battery_LEMON__TAP_Incompatibility__TAP-Incompatibility__TAP_I_21,107,-0.0611700204968875,0.2479915976556761
cognition,10,Cognitive_Test_Battery_LEMON__TAP_Alertness__TAP-Alertness__TAP_A_13,111,0.05919407638529976,0.33212745411348243
cognition,10,Cognitive_Test_Battery_LEMON__CVLT___CVLT__CVLT_14,110,-0.05548378315770865,0.2613696043069259
cognition,10,Cognitive_Test_Battery_LEMON__RWT__RWT__RWT_23,110,0.05330394365175186,0.3053240352665476
cognition,10,Cognitive_Test_Battery_LEMON__RWT__RWT__RWT_3,110,0.053132561614063024,0.2925922574584129
cognition,10,Cognitive_Test_Battery_LEMON__TAP_Alertness__TAP-Alertness__TAP_A_5,111,0.04985489559891404,0.3232728102658919
cognition,10,Cognitive_Test_Battery_LEMON__CVLT___CVLT__CVLT_4,111,0.045856132071213355,0.32868947599558573
cognition,10,Cognitive_Test_Battery_LEMON__CVLT___CVLT__CVLT_12,109,0.04572885535957039,0.331402482368668
cognition,10,Cognitive_Test_Battery_LEMON__RWT__RWT__RWT_11,110,-0.04520703305528067,0.20068935064148985
cognition,10,Cognitive_Test_Battery_LEMON__TAP_Alertness__TAP-Alertness__TAP_A_4,111,0.04163633793911807,0.3288602386104585
cognition,10,Cognitive_Test_Battery_LEMON__TAP_Working_Memory__TAP-Working_Memory__TAP_WM_2,111,0.04154360684215353,0.34395718856485824
cognition,10,Cognitive_Test_Battery_LEMON__CVLT___CVLT__CVLT_5,110,0.039324221328991764,0.28923406432027493
cognition,10,Cognitive_Test_Battery_LEMON__TAP_Incompatibility__TAP-Incompatibility__TAP_I_5,110,0.03902453078951525,0.31629671112175867
cognition,10,Cognitive_Test_Battery_LEMON__CVLT___CVLT__CVLT_2,111,-0.03767353741806636,0.3045742825518116
cognition,10,Cognitive_Test_Battery_LEMON__TAP_Working_Memory__TAP-Working_Memory__TAP_WM_5,109,-0.03730648938946199,0.2966777911991736
cognition,10,Cognitive_Test_Battery_LEMON__TAP_Working_Memory__TAP-Working_Memory__TAP_WM_7,111,-0.03682750246563644,0.32345162800927063
cognition,10,Cognitive_Test_Battery_LEMON__CVLT___CVLT__CVLT_15,110,0.03524673766616522,0.32726585631490046
cognition,10,Cognitive_Test_Battery_LEMON__TAP_Working_Memory__TAP-Working_Memory__TAP_WM_10,110,0.03433061806444661,0.34043081165942374
cognition,10,Cognitive_Test_Battery_LEMON__RWT__RWT__RWT_6,110,0.02558408221499115,0.34247543407749076
cognition,10,Cognitive_Test_Battery_LEMON__CVLT___CVLT__CVLT_11,110,0.020856376901352294,0.31668892599035386
cognition,10,Cognitive_Test_Battery_LEMON__TAP_Working_Memory__TAP-Working_Memory__TAP_WM_11,111,-0.01870835182561295,0.3092186577315057
cognition,10,Cognitive_Test_Battery_LEMON__RWT__RWT__RWT_7,110,-0.014330584578571648,0.19576942662311117
cognition,10,Cognitive_Test_Battery_LEMON__TAP_Working_Memory__TAP-Working_Memory__TAP_WM_3,109,0.012079077809329297,0.31935479076956236
cognition,10,Cognitive_Test_Battery_LEMON__CVLT___CVLT__CVLT_3,110,0.011255772782991811,0.3106987779107149
cognition,10,Cognitive_Test_Battery_LEMON__TAP_Alertness__TAP-Alertness__TAP_A_14,109,0.010769258018759895,0.29768616194176073
cognition,10,Cognitive_Test_Battery_LEMON__TAP_Incompatibility__TAP-Incompatibility__TAP_I_27,109,0.009918162576483461,0.3244339670849003
cognition,10,Cognitive_Test_Battery_LEMON__TAP_Alertness__TAP-Alertness__TAP_A_15,111,0.00865481055287149,0.33169880499041554
cognition,10,Cognitive_Test_Battery_LEMON__TAP_Alertness__TAP-Alertness__TAP_A_12,110,0.006441353750033865,0.3110245194947778
cognition,10,Cognitive_Test_Battery_LEMON__TAP_Alertness__TAP-Alertness__TAP_A_11,111,0.003990006060104252,0.27282315392388223
cognition,10,Cognitive_Test_Battery_LEMON__RWT__RWT__RWT_16,110,-0.0036741866885362344,0.28622090936597067
cognition,10,Cognitive_Test_Battery_LEMON__CVLT___CVLT__CVLT_8,111,0.0034437607487380452,0.3506381382630536
cognition,10,Cognitive_Test_Battery_LEMON__CVLT___CVLT__CVLT_1,111,-0.003189709117429904,0.34148821898635934
cognition,20,Cognitive_Test_Battery_LEMON__LPS__LPS__LPS_1,111,0.45891161927135127,0.6312959685341301
cognition,20,Cognitive_Test_Battery_LEMON__TAP_Incompatibility__TAP-Incompatibility__TAP_I_9,111,0.37518514527136126,0.6408805688074924
cognition,20,Cognitive_Test_Battery_LEMON__TAP_Incompatibility__TAP-Incompatibility__TAP_I_16,111,0.3631861120998533,0.6047319274575655
cognition,20,Cognitive_Test_Battery_LEMON__TAP_Incompatibility__TAP-Incompatibility__TAP_I_8,111,0.3568726836010082,0.6248638178674237
cognition,20,Cognitive_Test_Battery_LEMON__TAP_Incompatibility__TAP-Incompatibility__TAP_I_15,111,0.3441861616311331,0.6076038790377347
cognition,20,Cognitive_Test_Battery_LEMON__TMT__TMT__TMT_1,111,0.3414259580470212,0.5946038026178007
cognition,20,Cognitive_Test_Battery_LEMON__TMT__TMT__TMT_5,111,0.3386619560553284,0.5906102808733859
cognition,20,Cognitive_Test_Battery_LEMON__TMT__TMT__TMT_6,111,0.33737032895751295,0.5936182048655704
cognition,20,Cognitive_Test_Battery_LEMON__TMT__TMT__TMT_2,111,0.3315074248641316,0.5762718944933478
cognition,20,Cognitive_Test_Battery_LEMON__TAP_Incompatibility__TAP-Incompatibility__TAP_I_14,108,-0.3153115146934131,0.24452215739804406
cognition,20,Cognitive_Test_Battery_LEMON__TAP_Incompatibility__TAP-Incompatibility__TAP_I_22,109,-0.3136599699788078,0.18214977412459482
cognition,20,Cognitive_Test_Battery_LEMON__TAP_Incompatibility__TAP-Incompatibility__TAP_I_10,110,-0.26401075528809065,0.31860731096153394
cognition,20,Cognitive_Test_Battery_LEMON__TAP_Incompatibility__TAP-Incompatibility__TAP_I_1,111,0.2598297151041206,0.5408162213069346
cognition,20,Cognitive_Test_Battery_LEMON__RWT__RWT__RWT_15,110,0.24592432440275544,0.466954510039025
cognition,20,Cognitive_Test_Battery_LEMON__TAP_Working_Memory__TAP-Working_Memory__TAP_WM_3,109,-0.24465404145692798,0.27159697296949514
cognition,20,Cognitive_Test_Battery_LEMON__RWT__RWT__RWT_17,110,0.24306159174493186,0.5076021320090408
cognition,20,Cognitive_Test_Battery_LEMON__TAP_Incompatibility__TAP-Incompatibility__TAP_I_21,107,-0.2369083984910428,0.2968132192078287
cognition,20,Cognitive_Test_Battery_LEMON__TAP_Incompatibility__TAP-Incompatibility__TAP_I_2,111,0.231393064603807,0.5389200399924432
cognition,20,Cognitive_Test_Battery_LEMON__TAP_Working_Memory__TAP-Working_Memory__TAP_WM_6,111,0.2307984434845416,0.5178189194523892
cognition,20,Cognitive_Test_Battery_LEMON__TAP_Working_Memory__TAP-Working_Memory__TAP_WM_9,111,0.22722824457507204,0.5141250457094707
cognition,20,Cognitive_Test_Battery_LEMON__RWT__RWT__RWT_20,110,0.22376499023769944,0.5016243583663577
cognition,20,Cognitive_Test_Battery_LEMON__CVLT___CVLT__CVLT_9,111,0.18990699795466479,0.5423465620235224
cognition,20,Cognitive_Test_Battery_LEMON__TAP_Incompatibility__TAP-Incompatibility__TAP_I_19,110,-0.1878098294761451,0.3515242583300112
cognition,20,Cognitive_Test_Battery_LEMON__TAP_Incompatibility__TAP-Incompatibility__TAP_I_23,107,-0.18779386916872062,0.3266091978214203
cognition,20,Cognitive_Test_Battery_LEMON__TAP_Alertness__TAP-Alertness__TAP_A_13,111,0.18366751054291638,0.48619022692905983
cognition,20,Cognitive_Test_Battery_LEMON__RWT__RWT__RWT_9,110,-0.17756772639173463,0.40438782221761665
cognition,20,Cognitive_Test_Battery_LEMON__TAP_Working_Memory__TAP-Working_Memory__TAP_WM_5,109,-0.176628814100872,0.3461144413940935
cognition,20,Cognitive_Test_Battery_LEMON__RWT__RWT__RWT_13,110,0.17573240521244382,0.44592108756928994
cognition,20,Cognitive_Test_Battery_LEMON__RWT__RWT__RWT_2,110,-0.17518495975583379,0.35675270935318376
cognition,20,Cognitive_Test_Battery_LEMON__TAP_Incompatibility__TAP-Incompatibility__TAP_I_12,109,-0.16945591911237212,0.3507372904560367
cognition,20,Cognitive_Test_Battery_LEMON__TAP_Working_Memory__TAP-Working_Memory__TAP_WM_4,111,-0.16683016631788064,0.3733303139303874
cognition,20,Cognitive_Test_Battery_LEMON__TAP_Working_Memory__TAP-Working_Memory__TAP_WM_7,111,0.15794333931182405,0.49982396140840457
cognition,20,Cognitive_Test_Battery_LEMON__RWT__RWT__RWT_1,110,-0.15588277582468177,0.30321530008523195
cognition,20,Cognitive_Test_Battery_LEMON__RWT__RWT__RWT_22,110,0.15334392401452868,0.539922718915249
cognition,20,Cognitive_Test_Battery_LEMON__TAP_Incompatibility__TAP-Incompatibility__TAP_I_25,107,0.15324589955830312,0.44532289960399235
cognition,20,Cognitive_Test_Battery_LEMON__TAP_Incompatibility__TAP-Incompatibility__TAP_I_18,111,0.1531731524102514,0.5578251717410946
cognition,20,Cognitive_Test_Battery_LEMON__CVLT___CVLT__CVLT_7,78,-0.15266301210044084,0.32977924916564355
cognition,20,Cognitive_Test_Battery_LEMON__TAP_Incompatibility__TAP-Incompatibility__TAP_I_5,110,-0.1512981815052657,0.3394260953740334
cognition,20,Cognitive_Test_Battery_LEMON__TAP_Alertness__TAP-Alertness__TAP_A_5,111,0.14769744584986558,0.485898935688206
cognition,20,Cognitive_Test_Battery_LEMON__TAP_Incompatibility__TAP-Incompatibility__TAP_I_6,111,-0.14738018104573303,0.5977454437892405
cognition,20,Cognitive_Test_Battery_LEMON__TAP_Alertness__TAP-Alertness__TAP_A_16,110,-0.14690692123507956,0.3760582415595656
cognition,20,Cognitive_Test_Battery_LEMON__TAP_Incompatibility__TAP-Incompatibility__TAP_I_17,110,-0.146187959096232,0.3290247936662242
cognition,20,Cognitive_Test_Battery_LEMON__TAP_Incompatibility__TAP-Incompatibility__TAP_I_20,111,-0.14178573836876296,0.5937424913115852
cognition,20,Cognitive_Test_Battery_LEMON__RWT__RWT__RWT_8,110,-0.1387344193544229,0.385004514582766
cognition,20,Cognitive_Test_Battery_LEMON__RWT__RWT__RWT_3,110,-0.13854127710214276,0.28395141224602827
cognition,20,Cognitive_Test_Battery_LEMON__TAP_Alertness__TAP-Alertness__TAP_A_4,111,0.13578491985967003,0.4495180908176755
cognition,20,Cognitive_Test_Battery_LEMON__TAP_Alertness__TAP-Alertness__TAP_A_6,111,0.13444272885015277,0.48383189002156785
cognition,20,Cognitive_Test_Battery_LEMON__CVLT___CVLT__CVLT_13,110,-0.13353421248575023,0.2440279594844725
cognition,20,Cognitive_Test_Battery_LEMON__TAP_Alertness__TAP-Alertness__TAP_A_10,111,0.13167685565688603,0.46173881862247457
cognition,20,Cognitive_Test_Battery_LEMON__WST__WST__WST_3,111,0.1270895111899512,0.4622466261490882
cognition,20,Cognitive_Test_Battery_LEMON__TAP_Incompatibility__TAP-Incompatibility__TAP_I_26,110,0.12652882812022895,0.5216031713842224
cognition,20,Cognitive_Test_Battery_LEMON__WST__WST__WST_4,111,0.12593794242841383,0.46234648493620506
cognition,20,Cognitive_Test_Battery_LEMON__WST__WST__WST_2,111,0.1257087381909973,0.4610182526636576
cognition,20,Cognitive_Test_Battery_LEMON__TAP_Incompatibility__TAP-Incompatibility__TAP_I_24,110,0.12453698761918655,0.560145576061188
cognition,20,Cognitive_Test_Battery_LEMON__TAP_Incompatibility__TAP-Incompatibility__TAP_I_13,111,-0.12302255542688428,0.5302695657930911
cognition,20,Cognitive_Test_Battery_LEMON__TAP_Alertness__TAP-Alertness__TAP_A_7,110,-0.12102484554720083,0.35982758665939807
cognition,20,Cognitive_Test_Battery_LEMON__WST__WST__WST_1,111,0.11639385768732373,0.4478047871686554
cognition,20,Cognitive_Test_Battery_LEMON__TAP_Alertness__TAP-Alertness__TAP_A_8,111,0.1132457095869669,0.4517368414645248
cognition,20,Cognitive_Test_Battery_LEMON__CVLT___CVLT__CVLT_14,110,-0.11271583324786286,0.25720825917295354
cognition,20,Cognitive_Test_Battery_LEMON__TAP_Alertness__TAP-Alertness__TAP_A_15,111,-0.11236943325790986,0.3693195178577806
cognition,20,Cognitive_Test_Battery_LEMON__TAP_Working_Memory__TAP-Working_Memory__TAP_WM_10,110,0.10798924919479236,0.45164478376154454
cognition,20,Cognitive_Test_Battery_LEMON__CVLT___CVLT__CVLT_5,110,-0.10708219445165616,0.27447924268726304
cognition,20,Cognitive_Test_Battery_LEMON__RWT__RWT__RWT_6,110,0.10563689736376837,0.43550646551855465
cognition,20,Cognitive_Test_Battery_LEMON__CVLT___CVLT__CVLT_15,110,0.10527196645028168,0.4342279901698749
cognition,20,Cognitive_Test_Battery_LEMON__TMT__TMT__TMT_7,111,0.10205620425198467,0.3855432685161068
cognition,20,Cognitive_Test_Battery_LEMON__RWT__RWT__RWT_5,110,-0.10164573077641952,0.3991069801733274
cognition,20,Cognitive_Test_Battery_LEMON__RWT__RWT__RWT_21,104,0.09258387872574618,0.3927968194387554
cognition,20,Cognitive_Test_Battery_LEMON__RWT__RWT__RWT_19,110,0.08949698928892577,0.4254170173975766
cognition,20,Cognitive_Test_Battery_LEMON__TAP_Alertness__TAP-Alertness__TAP_A_1,111,0.08846992925901903,0.43998873578490466
cognition,20,Cognitive_Test_Battery_LEMON__CVLT___CVLT__CVLT_6,110,0.08839824395649423,0.4486124747060885
cognition,20,Cognitive_Test_Battery_LEMON__RWT__RWT__RWT_10,110,0.08767375046016282,0.4101698429453015
cognition,20,Cognitive_Test_Battery_LEMON__TAP_Alertness__TAP-Alertness__TAP_A_2,111,0.07978111257164765,0.4125887381464414
cognition,20,Cognitive_Test_Battery_LEMON__TAP_Incompatibility__TAP-Incompatibility__TAP_I_27,109,-0.07660794967259084,0.33843366075921266
cognition,20,Cognitive_Test_Battery_LEMON__TAP_Incompatibility__TAP-Incompatibility__TAP_I_4,111,0.07606205535552912,0.48387109639880593
cognition,20,Cognitive_Test_Battery_LEMON__CVLT___CVLT__CVLT_12,109,0.0719923164637768,0.4179608224876432
cognition,20,Cognitive_Test_Battery_LEMON__TAP_Alertness__TAP-Alertness__TAP_A_14,109,0.07049866921619756,0.43048055085784465
cognition,20,Cognitive_Test_Battery_LEMON__TAP_Incompatibility__TAP-Incompatibility__TAP_I_3,109,-0.06989275384613129,0.343890123312387
cognition,20,Cognitive_Test_Battery_LEMON__CVLT___CVLT__CVLT_8,111,0.06331629940226696,0.47204382397611877
cognition,20,Cognitive_Test_Battery_LEMON__TAP_Alertness__TAP-Alertness__TAP_A_9,107,-0.06242926846858751,0.38028465668022493
cognition,20,Cognitive_Test_Battery_LEMON__TAP_Alertness__TAP-Alertness__TAP_A_11,111,0.06183726241659168,0.42056348217016093
cognition,20,Cognitive_Test_Battery_LEMON__TAP_Alertness__TAP-Alertness__TAP_A_3,111,0.05593142137879676,0.41192203125868804
cognition,20,Cognitive_Test_Battery_LEMON__TAP_Alertness__TAP-Alertness__TAP_A_12,110,-0.0534522392457803,0.3741554235913645
cognition,20,Cognitive_Test_Battery_LEMON__CVLT___CVLT__CVLT_11,110,0.050230746896182336,0.42958917287620474
cognition,20,Cognitive_Test_Battery_LEMON__TAP_Incompatibility__TAP-Incompatibility__TAP_I_11,111,0.04794102203247747,0.5455970858818385
cognition,20,Cognitive_Test_Battery_LEMON__CVLT___CVLT__CVLT_3,110,0.04794065639469906,0.45368358009202764
cognition,20,Cognitive_Test_Battery_LEMON__TAP_Working_Memory__TAP-Working_Memory__TAP_WM_11,111,-0.04283015532716544,0.3696104363245167
cognition,20,Cognitive_Test_Battery_LEMON__TMT__TMT__TMT_3,111,-0.03926169534204847,0.36292675187685863
cognition,20,Cognitive_Test_Battery_LEMON__RWT__RWT__RWT_4,110,0.036586638265661664,0.3163658640526393
cognition,20,Cognitive_Test_Battery_LEMON__RWT__RWT__RWT_18,110,-0.02861011235499808,0.5642110404282555
cognition,20,Cognitive_Test_Battery_LEMON__RWT__RWT__RWT_7,110,-0.027692411075164125,0.23203283671461905
cognition,20,Cognitive_Test_Battery_LEMON__RWT__RWT__RWT_23,110,0.026406240251775834,0.4468419198019197
cognition,20,Cognitive_Test_Battery_LEMON__TAP_Working_Memory__TAP-Working_Memory__TAP_WM_1,111,0.02395219034142179,0.4035198790339303
cognition,20,Cognitive_Test_Battery_LEMON__RWT__RWT__RWT_16,110,-0.02324909745052536,0.4082298895622618
cognition,20,Cognitive_Test_Battery_LEMON__RWT__RWT__RWT_14,103,-0.021169798613717775,0.3268562692920648
cognition,20,Cognitive_Test_Battery_LEMON__TAP_Working_Memory__TAP-Working_Memory__TAP_WM_8,65,-0.02018083458668564,0.38122045568400287
cognition,20,Cognitive_Test_Battery_LEMON__TAP_Working_Memory__TAP-Working_Memory__TAP_WM_2,111,0.01885555199623665,0.4020607670147319
cognition,20,Cognitive_Test_Battery_LEMON__CVLT___CVLT__CVLT_10,110,-0.017266854550424787,0.41225136945375773
cognition,20,Cognitive_Test_Battery_LEMON__CVLT___CVLT__CVLT_4,111,-0.01415818976908485,0.36977125457515914
cognition,20,Cognitive_Test_Battery_LEMON__CVLT___CVLT__CVLT_2,111,-0.008487874359224103,0.37080456157770636
cognition,20,Cognitive_Test_Battery_LEMON__CVLT___CVLT__CVLT_1,111,0.006621292669560547,0.4128747609179634
cognition,20,Cognitive_Test_Battery_LEMON__RWT__RWT__RWT_11,110,-0.0037228067826319514,0.26526756150707254
personality_affect,3,Emotion_and_Personality_Test_Battery_LEMON__NYC_Q_lemon__NYC-Q_lemon_28,110,-0.46091103781005094,0.03636692190034668
personality_affect,3,META_File_IDs_Age_Gender_Education_Drug_Smoke_SKID_LEMON__Standard_Alcoholunits_Last_28days,111,-0.34986781446987236,0.09687527339933866
personality_affect,3,Emotion_and_Personality_Test_Battery_LEMON__CERQ__CERQ_Catastrophizing,111,-0.34948608228905576,0.06320989025778775
personality_affect,3,Emotion_and_Personality_Test_Battery_LEMON__UPPS__UPPS_lack_perseverance,111,0.34652623052316756,0.3922098111153587
personality_affect,3,Emotion_and_Personality_Test_Battery_LEMON__LOT-R__LOT_Optimism,111,0.3176263866784972,0.3764597667412579
personality_affect,3,Emotion_and_Personality_Test_Battery_LEMON__CERQ__CERQ_BlamingOthers,111,-0.30281676452847983,0.08514613536803986
personality_affect,3,Emotion_and_Personality_Test_Battery_LEMON__COPE__COPE_SelfBlame,111,-0.3021880399919899,0.049374995829507204
personality_affect,3,Emotion_and_Personality_Test_Battery_LEMON__FTP__FTP_SUM,70,0.2986500522693896,0.3467811760344792
personality_affect,3,Emotion_and_Personality_Test_Battery_LEMON__MSPSS__MSPSS_total,111,-0.2675180716564187,0.07312581313743488
personality_affect,3,Emotion_and_Personality_Test_Battery_LEMON__NEO_FFI__NEOFFI_Conscientiousness,111,0.24843726041543854,0.3060268491699304
personality_affect,3,Emotion_and_Personality_Test_Battery_LEMON__COPE__COPE_UseOfEmotionalSupport,111,0.2408766341117796,0.2999773787123585
personality_affect,3,Emotion_and_Personality_Test_Battery_LEMON__TAS__TAS_ExternalThinking,111,0.23983910834354497,0.305154471283472
personality_affect,3,Emotion_and_Personality_Test_Battery_LEMON__MSPSS__MSPSS_SignificantOthers,111,-0.23945899477210195,0.0644745638139996
personality_affect,3,Emotion_and_Personality_Test_Battery_LEMON__NYC_Q_lemon__NYC-Q_lemon_11,111,-0.23841476455352897,0.07188832425080754
personality_affect,3,Emotion_and_Personality_Test_Battery_LEMON__NYC_Q_lemon__NYC-Q_lemon_18,109,-0.23760760099027822,0.08903283566586635
personality_affect,3,Emotion_and_Personality_Test_Battery_LEMON__UPPS__UPPS_sens_seek,111,0.22962617014443396,0.30624430483339105
personality_affect,3,Emotion_and_Personality_Test_Battery_LEMON__FEV__FEV_HUNGER,111,0.22930166908044697,0.3135616898905784
personality_affect,3,Emotion_and_Personality_Test_Battery_LEMON__MDBF_Day3__MDBF_Day3_WM_Scale,79,0.21762606303265936,0.28169250846981886
personality_affect,3,"META_File_IDs_Age_Gender_Education_Drug_Smoke_SKID_LEMON__Smoking_num_(Non-smoker=1, Occasional Smoker=2, Smoker=3)",111,-0.21648071120588647,0.08026077966440903
personality_affect,3,Emotion_and_Personality_Test_Battery_LEMON__NYC_Q_lemon__NYC-Q_lemon_31,111,0.2146662224982366,0.28979666857655534
personality_affect,3,Emotion_and_Personality_Test_Battery_LEMON__COPE__COPE_Venting,111,-0.21216891707498886,0.07469877198087996
personality_affect,3,Emotion_and_Personality_Test_Battery_LEMON__CERQ__CERQ_Rumination,111,-0.21187604261636575,0.09685527062755009
personality_affect,3,Emotion_and_Personality_Test_Battery_LEMON__COPE__COPE_UseOfInstrumentalSupport,111,0.20367840199807088,0.2690483919824712
personality_affect,3,Emotion_and_Personality_Test_Battery_LEMON__STAXI__STAXI_TAR,111,0.1994980897024496,0.2667266518529204
personality_affect,3,Emotion_and_Personality_Test_Battery_LEMON__NYC_Q_lemon__NYC-Q_lemon_25,110,-0.19598487143007812,0.09449593844334055
personality_affect,3,Emotion_and_Personality_Test_Battery_LEMON__NYC_Q_lemon__NYC-Q_lemon_7,110,0.19543571881833563,0.3103553069131217
personality_affect,3,Emotion_and_Personality_Test_Battery_LEMON__BISBAS__BAS_Drive,111,0.19468660813064412,0.27483179038382993
personality_affect,3,Emotion_and_Personality_Test_Battery_LEMON__STAXI__STAXI_AO,111,-0.18853813182764612,0.07893210098546193
personality_affect,3,Emotion_and_Personality_Test_Battery_LEMON__MDBF_Day1__MDBF_Day1_GS_Scale,109,0.18261251690031105,0.2800982413537124
personality_affect,3,Emotion_and_Personality_Test_Battery_LEMON__CERQ__CERQ_RefocusOnPlanning,111,-0.17876401891278018,0.08564986204890869
personality_affect,3,Emotion_and_Personality_Test_Battery_LEMON__TICS__TICS_WorkDiscontent,111,0.17749908008121815,0.3306755067919514
personality_affect,3,Emotion_and_Personality_Test_Battery_LEMON__MDBF_Day3__MDBF_Day3_GS_Scale,80,0.17705135684583845,0.2473420468751295
personality_affect,3,Emotion_and_Personality_Test_Battery_LEMON__MARS__MARS_Behavioral_Distraction,103,0.17488555599549319,0.3066991288361961
personality_affect,3,Emotion_and_Personality_Test_Battery_LEMON__F-SozU_K-22__FSoZu_Vert,111,-0.17485506904327808,0.08385940333800956
personality_affect,3,Emotion_and_Personality_Test_Battery_LEMON__TICS__TICS_SocialTension,111,0.17448062277899493,0.2797009395579124
personality_affect,3,Emotion_and_Personality_Test_Battery_LEMON__LOT-R__LOT_sumscore,111,0.17225650213787952,0.25681112333989425
personality_affect,3,Emotion_and_Personality_Test_Battery_LEMON__TEIQue-SF__TeiQueSF_emotionality,111,-0.17204285666003957,0.07866001594113471
personality_affect,3,Emotion_and_Personality_Test_Battery_LEMON__STAI_G_X2__STAI_Trait_Anxiety,111,0.1683696631812718,0.26057930223584774
personality_affect,3,Emotion_and_Personality_Test_Battery_LEMON__BISBAS__BAS_Reward,111,0.1653330922986923,0.25536957466276466
personality_affect,3,Emotion_and_Personality_Test_Battery_LEMON__NYC_Q_lemon__NYC-Q_lemon_9,111,0.1641497660665688,0.21108632382343026
personality_affect,3,Emotion_and_Personality_Test_Battery_LEMON__STAXI__STAXI_Trait_Anger,111,0.16153998063118252,0.2368425595800897
personality_affect,3,Emotion_and_Personality_Test_Battery_LEMON__TAS__TAS_OverallScore,111,0.15953665483310336,0.24778215711786797
personality_affect,3,Emotion_and_Personality_Test_Battery_LEMON__NYC_Q_lemon__NYC-Q_lemon_17,108,0.15777218647751742,0.2301079664373388
personality_affect,3,Emotion_and_Personality_Test_Battery_LEMON__PSQ__PSQ_Worries,111,0.15665475135658416,0.24102961864112513
personality_affect,3,Emotion_and_Personality_Test_Battery_LEMON__NYC_Q_lemon__NYC-Q_lemon_1,110,0.15459058368310172,0.24632285976259002
personality_affect,3,Emotion_and_Personality_Test_Battery_LEMON__MSPSS__MSPSS_Friends,111,0.15455841077997806,0.21575233077632414
personality_affect,3,Emotion_and_Personality_Test_Battery_LEMON__NYC_Q_lemon__NYC-Q_lemon_24,110,0.1522216584031605,0.24676070137406603
personality_affect,3,Emotion_and_Personality_Test_Battery_LEMON__BISBAS__BIS,111,0.14834326352788146,0.23047642680939778
personality_affect,3,Emotion_and_Personality_Test_Battery_LEMON__FEV__FEV_KK,111,0.1476562606391518,0.24953425005432214
personality_affect,3,Emotion_and_Personality_Test_Battery_LEMON__NYC_Q_lemon__NYC-Q_lemon_23,111,0.14580494107047257,0.23450579178990058
personality_affect,3,META_File_IDs_Age_Gender_Education_Drug_Smoke_SKID_LEMON__Hamilton_Scale,110,-0.14386685496404297,0.11435940160112544
personality_affect,3,Emotion_and_Personality_Test_Battery_LEMON__NYC_Q_lemon__NYC-Q_lemon_30,111,0.14077153762496347,0.24786308703613372
personality_affect,3,Emotion_and_Personality_Test_Battery_LEMON__COPE__COPE_Alkohol‎_Drogen,111,-0.13965683314729138,0.20226652275411683
personality_affect,3,Emotion_and_Personality_Test_Battery_LEMON__PSQ__PSQ_OverallScore,111,0.13927038177139303,0.22591928806825143
personality_affect,3,Emotion_and_Personality_Test_Battery_LEMON__NEO_FFI__NEOFFI_Neuroticism,111,0.13452825273266547,0.22745979767314792
personality_affect,3,Emotion_and_Personality_Test_Battery_LEMON__MDBF_Day2__MDBF_Day2_RU_Scale,109,-0.132816313975448,0.10428014121487518
personality_affect,3,META_File_IDs_Age_Gender_Education_Drug_Smoke_SKID_LEMON__DRUG_0=negative_1=Positive,111,0.13200130152721953,0.2077485911508399
personality_affect,3,Emotion_and_Personality_Test_Battery_LEMON__NYC_Q_lemon__NYC-Q_lemon_27,109,0.12823918269303106,0.23126761235685964
personality_affect,3,Emotion_and_Personality_Test_Battery_LEMON__COPE__COPE_SelfDistraction,111,-0.12753318000932587,0.10556696684442411
personality_affect,3,Emotion_and_Personality_Test_Battery_LEMON__NYC_Q_lemon__NYC-Q_lemon_8,111,0.12508185562224447,0.2720372549141088
personality_affect,3,META_File_IDs_Age_Gender_Education_Drug_Smoke_SKID_LEMON__Gender_ 1=female_2=male,111,-0.12476886714872876,0.10439483930445186
personality_affect,3,Emotion_and_Personality_Test_Battery_LEMON__TICS__TICS_PressuereToPerform,111,0.12356006651184952,0.25040082348274073
personality_affect,3,Emotion_and_Personality_Test_Battery_LEMON__NYC_Q_lemon__NYC-Q_lemon_3,110,0.12153641143701965,0.21789481220520565
personality_affect,3,Emotion_and_Personality_Test_Battery_LEMON__TEIQue-SF__TeiQueSF_well_being,111,0.12148036734546172,0.20965069646007453
personality_affect,3,Emotion_and_Personality_Test_Battery_LEMON__CERQ__CERQ_PositiveReappraisal,111,-0.1213123336477632,0.09949472990800022
personality_affect,3,Emotion_and_Personality_Test_Battery_LEMON__MDBF_Day1__MDBF_Day1_RU_Scale,108,0.11962322052056638,0.22112127856668504
personality_affect,3,Emotion_and_Personality_Test_Battery_LEMON__PSQ__PSQ_Tension,111,0.11761040595669589,0.21511780734827696
personality_affect,3,Emotion_and_Personality_Test_Battery_LEMON__COPE__COPE_Planning,111,-0.11599748331125558,0.12089472071253664
personality_affect,3,Emotion_and_Personality_Test_Battery_LEMON__MARS__MARS_Situation_focused,103,0.11102769126274833,0.22662084916907396
personality_affect,3,Emotion_and_Personality_Test_Battery_LEMON__NYC_Q_lemon__NYC-Q_lemon_26,110,-0.10541281147010688,0.10932743271102757
personality_affect,3,Emotion_and_Personality_Test_Battery_LEMON__F-SozU_K-22__FSoZu_EU,111,-0.10362033671876868,0.09707127577873037
personality_affect,3,META_File_IDs_Age_Gender_Education_Drug_Smoke_SKID_LEMON__AUDIT,110,-0.10250894328465159,0.16518890357510702
personality_affect,3,Emotion_and_Personality_Test_Battery_LEMON__COPE__COPE_Humor,111,0.10174793000198072,0.2248134261953405
personality_affect,3,Emotion_and_Personality_Test_Battery_LEMON__UPPS__UPPS_urgency,111,0.10154826148882624,0.19795213749911614
personality_affect,3,Emotion_and_Personality_Test_Battery_LEMON__COPE__COPE_Denial,111,-0.09696254251739815,0.16583785799536466
personality_affect,3,Emotion_and_Personality_Test_Battery_LEMON__TEIQue-SF__TeiQueSF_sociability,111,-0.09661188518514617,0.11524209677934544
personality_affect,3,Emotion_and_Personality_Test_Battery_LEMON__UPPS__UPPS_lack_premeditation,111,0.09480040265397344,0.20113830458854334
personality_affect,3,Emotion_and_Personality_Test_Battery_LEMON__TEIQue-SF__TeiQueSF_self_control,111,0.0925401962525254,0.20332457359130646
personality_affect,3,Emotion_and_Personality_Test_Battery_LEMON__NYC_Q_lemon__NYC-Q_lemon_29,111,0.09073491302910303,0.20103489631010635
personality_affect,3,Emotion_and_Personality_Test_Battery_LEMON__NYC_Q_lemon__NYC-Q_lemon_12,108,-0.0864480032874182,0.14248776979508626
personality_affect,3,Emotion_and_Personality_Test_Battery_LEMON__COPE__COPE_positiveReframing,111,-0.08352192233555325,0.11003400977236635
personality_affect,3,Emotion_and_Personality_Test_Battery_LEMON__NYC_Q_lemon__NYC-Q_lemon_13,110,-0.08199533988320631,0.13637258547461284
personality_affect,3,Emotion_and_Personality_Test_Battery_LEMON__STAXI__STAXI_State_Anger,111,-0.0816932954089033,0.10858583136583023
personality_affect,3,Emotion_and_Personality_Test_Battery_LEMON__NYC_Q_lemon__NYC-Q_lemon_22,111,0.07905740731893743,0.1843517352774571
personality_affect,3,Emotion_and_Personality_Test_Battery_LEMON__PSQ__PSQ_Joy,111,0.07528367847739935,0.1805397921680317
personality_affect,3,Emotion_and_Personality_Test_Battery_LEMON__MDBF_Day2__MDBF_Day2_WM_Scale,108,0.0722751854930883,0.21905848809284997
personality_affect,3,Emotion_and_Personality_Test_Battery_LEMON__PSQ__PSQ_Demands,111,0.06738739188505992,0.19353646693939086
personality_affect,3,Emotion_and_Personality_Test_Battery_LEMON__MSPSS__MSPSS_Family,111,-0.06451745276288255,0.14206206576874228
personality_affect,3,Emotion_and_Personality_Test_Battery_LEMON__NEO_FFI__NEOFFI_Extraversion,111,0.06393597948669436,0.1907511505133817
personality_affect,3,Emotion_and_Personality_Test_Battery_LEMON__TICS__TICS_WorkOverload,111,-0.06188902054730702,0.16042545726541624
personality_affect,3,Emotion_and_Personality_Test_Battery_LEMON__ERQ__ERQ_suppression,111,0.0586317416157339,0.18834308698682647
personality_affect,3,Emotion_and_Personality_Test_Battery_LEMON__NYC_Q_lemon__NYC-Q_lemon_15,110,0.05496828486312715,0.17512634232624966
personality_affect,3,Emotion_and_Personality_Test_Battery_LEMON__NYC_Q_lemon__NYC-Q_lemon_14,111,0.052897948518429404,0.1913260257838088
personality_affect,3,Emotion_and_Personality_Test_Battery_LEMON__MDBF_Day2__MDBF_Day2_GS_Scale,109,-0.047418018097063544,0.11773364675624917
personality_affect,3,Emotion_and_Personality_Test_Battery_LEMON__F-SozU_K-22__FSoZu_Zuf,111,0.044662929456429946,0.17078921192654392
personality_affect,3,Emotion_and_Personality_Test_Battery_LEMON__BISBAS__BAS_Fun,111,0.04392809853622207,0.20328977298485593
personality_affect,3,Emotion_and_Personality_Test_Battery_LEMON__STAXI__STAXI_AC,111,-0.0428181787510056,0.13869491763698144
personality_affect,3,Emotion_and_Personality_Test_Battery_LEMON__TAS__TAS_Identification,111,-0.042161200537402146,0.13086819627079596
personality_affect,3,Emotion_and_Personality_Test_Battery_LEMON__TICS__TICS_LackSocialRecognition,111,-0.04208967886106683,0.23449672606127747
personality_affect,3,Emotion_and_Personality_Test_Battery_LEMON__ERQ__ERQ_reappraisal,111,0.042070935158472184,0.16491468699613188
personality_affect,3,Emotion_and_Personality_Test_Battery_LEMON__NYC_Q_lemon__NYC-Q_lemon_19,111,-0.04200236663387791,0.13855367909472505
personality_affect,3,Emotion_and_Personality_Test_Battery_LEMON__MARS__MARS_Affect_focused,103,-0.04066226848405846,0.19232139483107452
personality_affect,3,Emotion_and_Personality_Test_Battery_LEMON__CERQ__CERQ_PuttingIntoPerspective,111,-0.03976675526162266,0.16811077247001216
personality_affect,3,Emotion_and_Personality_Test_Battery_LEMON__F-SozU_K-22__FSoZu_PU,111,0.03819951295709774,0.13652513651526385
personality_affect,3,Emotion_and_Personality_Test_Battery_LEMON__MARS__MARS_Cognitive_Distraction,103,-0.03756139716624833,0.16269314820749256
personality_affect,3,META_File_IDs_Age_Gender_Education_Drug_Smoke_SKID_LEMON__BSL23_behavior,79,0.03739567130995933,0.18457203767534558
personality_affect,3,Emotion_and_Personality_Test_Battery_LEMON__TEIQue-SF__TeiQueSF_total,111,-0.03550308565691474,0.13811373204559224
personality_affect,3,Emotion_and_Personality_Test_Battery_LEMON__NYC_Q_lemon__NYC-Q_lemon_4,111,-0.0340526390618304,0.1354779719686498
personality_affect,3,Emotion_and_Personality_Test_Battery_LEMON__MDBF_Day1__MDBF_Day1_WM_Scale,110,-0.03398841087429549,0.155391101464932
personality_affect,3,Emotion_and_Personality_Test_Battery_LEMON__TICS__TICS_SocialOverload,111,-0.033944179048698085,0.2067118511786559
personality_affect,3,Emotion_and_Personality_Test_Battery_LEMON__NYC_Q_lemon__NYC-Q_lemon_2,111,0.03332580573828264,0.16605107703448418
personality_affect,3,Emotion_and_Personality_Test_Battery_LEMON__MDBF_Day3__MDBF_Day3_RU_Scale,80,-0.032661518282957686,0.13949361231798818
personality_affect,3,Emotion_and_Personality_Test_Battery_LEMON__CERQ__CERQ_Acceptance,111,-0.030928418777952656,0.14598958909567872
personality_affect,3,Emotion_and_Personality_Test_Battery_LEMON__CERQ__CERQ_positiveRefocusing,111,-0.030803664328807653,0.13072471518829834
personality_affect,3,Emotion_and_Personality_Test_Battery_LEMON__NEO_FFI__NEOFFI_OpennessForExperiences,111,0.030402899470866142,0.2025535327306707
personality_affect,3,Emotion_and_Personality_Test_Battery_LEMON__STAXI__STAXI_AI,111,0.02972015794798556,0.17988642999616197
personality_affect,3,Emotion_and_Personality_Test_Battery_LEMON__FEV__FEV_STOER,111,0.029664869312853552,0.1660732867372441
personality_affect,3,META_File_IDs_Age_Gender_Education_Drug_Smoke_SKID_LEMON__BSL23_sumscore,79,-0.02895338145389902,0.1306914956299481
personality_affect,3,Emotion_and_Personality_Test_Battery_LEMON__TICS__TICS_WorkDemands,111,-0.026105176491750665,0.1465388859355054
personality_affect,3,Emotion_and_Personality_Test_Battery_LEMON__NEO_FFI__NEOFFI_Agreeableness,111,-0.023919751956107002,0.1260106074259995
personality_affect,3,Emotion_and_Personality_Test_Battery_LEMON__NYC_Q_lemon__NYC-Q_lemon_16,111,0.02354851327954872,0.15908092061990228
personality_affect,3,Emotion_and_Personality_Test_Battery_LEMON__COPE__COPE_BehavioralDisengagement,111,0.02341985373106401,0.18024265059347655
personality_affect,3,Emotion_and_Personality_Test_Battery_LEMON__MARS__MARS_Disengagement,103,-0.02262044771139038,0.1541551751246558
personality_affect,3,Emotion_and_Personality_Test_Battery_LEMON__TICS__TICS_SocialIsolation,111,-0.021066888298627514,0.1524721986579648
personality_affect,3,Emotion_and_Personality_Test_Battery_LEMON__COPE__COPE_Religion,111,0.02077442589992705,0.17079695921168767
personality_affect,3,Emotion_and_Personality_Test_Battery_LEMON__NYC_Q_lemon__NYC-Q_lemon_21,110,-0.02041818882959761,0.15105841358462807
personality_affect,3,Emotion_and_Personality_Test_Battery_LEMON__NYC_Q_lemon__NYC-Q_lemon_6,111,0.019136539867272564,0.17111035402160088
personality_affect,3,Emotion_and_Personality_Test_Battery_LEMON__TICS__TICS_ScreeningScale,111,0.018408455791535622,0.17704091149159812
personality_affect,3,Emotion_and_Personality_Test_Battery_LEMON__TICS__TICS_ChronicWorrying,111,0.015392318140814269,0.16555041224096678
personality_affect,3,Emotion_and_Personality_Test_Battery_LEMON__F-SozU_K-22__FSoZu_SI,111,-0.013838544307732775,0.12541773838506748
personality_affect,3,Emotion_and_Personality_Test_Battery_LEMON__TAS__TAS_Describing,111,-0.013647535655936134,0.16280822464853398
personality_affect,3,Emotion_and_Personality_Test_Battery_LEMON__NYC_Q_lemon__NYC-Q_lemon_20,111,0.012609873311588549,0.16960309318313446
personality_affect,3,Emotion_and_Personality_Test_Battery_LEMON__COPE__COPE_activeCoping,111,-0.009378056676774072,0.1452088063531484
personality_affect,3,Emotion_and_Personality_Test_Battery_LEMON__COPE__COPE_Acceptance,111,0.0073707081056380375,0.15436487135231017
personality_affect,3,Emotion_and_Personality_Test_Battery_LEMON__NYC_Q_lemon__NYC-Q_lemon_10,111,0.007200904065299576,0.1430530574331517
personality_affect,3,Emotion_and_Personality_Test_Battery_LEMON__NYC_Q_lemon__NYC-Q_lemon_5,110,0.0041974856484643655,0.1989187443024659
personality_affect,3,Emotion_and_Personality_Test_Battery_LEMON__LOT-R__LOT_Pessimism,111,-0.003115735877653016,0.1561023881741062
personality_affect,3,Emotion_and_Personality_Test_Battery_LEMON__CERQ__CERQ_SelfBlame,111,-0.0012496001252930336,0.16920521540967942
personality_affect,3,Emotion_and_Personality_Test_Battery_LEMON__MARS__MARS_Avoidance,103,0.0009211830564666258,0.16422400981699825
personality_affect,3,Emotion_and_Personality_Test_Battery_LEMON__STAXI__STAXI_TAT,111,0.00041310701186929517,0.13872596437562046
personality_affect,6,Emotion_and_Personality_Test_Battery_LEMON__NYC_Q_lemon__NYC-Q_lemon_28,110,-0.36824019556387816,0.08569752247284412
personality_affect,6,Emotion_and_Personality_Test_Battery_LEMON__CERQ__CERQ_PositiveReappraisal,111,-0.31443886759404444,0.10274164989287413
personality_affect,6,Emotion_and_Personality_Test_Battery_LEMON__UPPS__UPPS_lack_perseverance,111,0.30263076273221295,0.40273300535508144
personality_affect,6,Emotion_and_Personality_Test_Battery_LEMON__LOT-R__LOT_Optimism,111,0.3015100361243296,0.44645409172750117
personality_affect,6,Emotion_and_Personality_Test_Battery_LEMON__COPE__COPE_Planning,111,-0.2817690526860953,0.13646439411402447
personality_affect,6,Emotion_and_Personality_Test_Battery_LEMON__FTP__FTP_SUM,70,0.27260139433740277,0.39162844051403556
personality_affect,6,Emotion_and_Personality_Test_Battery_LEMON__MSPSS__MSPSS_SignificantOthers,111,-0.26723985488570867,0.12369957802342518
personality_affect,6,Emotion_and_Personality_Test_Battery_LEMON__UPPS__UPPS_sens_seek,111,0.26703336668045874,0.40854750806214407
personality_affect,6,Emotion_and_Personality_Test_Battery_LEMON__STAXI__STAXI_AO,111,-0.2582217869150088,0.12762154894064753
personality_affect,6,Emotion_and_Personality_Test_Battery_LEMON__CERQ__CERQ_Rumination,111,-0.2420565560172753,0.16603255253462598
personality_affect,6,Emotion_and_Personality_Test_Battery_LEMON__COPE__COPE_Alkohol‎_Drogen,111,-0.24136404598620737,0.2350248790990152
personality_affect,6,Emotion_and_Personality_Test_Battery_LEMON__MARS__MARS_Behavioral_Distraction,103,0.23958011663610973,0.3815430511462857
personality_affect,6,Emotion_and_Personality_Test_Battery_LEMON__TEIQue-SF__TeiQueSF_emotionality,111,-0.23754150406970878,0.11060091157886245
personality_affect,6,Emotion_and_Personality_Test_Battery_LEMON__NYC_Q_lemon__NYC-Q_lemon_13,110,-0.22877004463909162,0.15206377720848738
personality_affect,6,Emotion_and_Personality_Test_Battery_LEMON__MDBF_Day1__MDBF_Day1_GS_Scale,109,0.222734768654719,0.3482343824938256
personality_affect,6,Emotion_and_Personality_Test_Battery_LEMON__F-SozU_K-22__FSoZu_EU,111,-0.22240059784902777,0.1448770806968159
personality_affect,6,Emotion_and_Personality_Test_Battery_LEMON__FEV__FEV_HUNGER,111,0.21940055774336847,0.3558665851624286
personality_affect,6,Emotion_and_Personality_Test_Battery_LEMON__MDBF_Day3__MDBF_Day3_WM_Scale,79,0.20853712967050372,0.3315208031294793
personality_affect,6,Emotion_and_Personality_Test_Battery_LEMON__NYC_Q_lemon__NYC-Q_lemon_18,109,-0.19782936990710231,0.11330084059341324
personality_affect,6,Emotion_and_Personality_Test_Battery_LEMON__COPE__COPE_UseOfEmotionalSupport,111,0.19144694028352016,0.34568846399808695
personality_affect,6,Emotion_and_Personality_Test_Battery_LEMON__BISBAS__BAS_Reward,111,0.18885333453595707,0.3264470252875016
personality_affect,6,Emotion_and_Personality_Test_Battery_LEMON__TICS__TICS_LackSocialRecognition,111,-0.1884730944910239,0.24643875805532328
personality_affect,6,Emotion_and_Personality_Test_Battery_LEMON__NEO_FFI__NEOFFI_Conscientiousness,111,0.1874306712426876,0.3136273450308148
personality_affect,6,META_File_IDs_Age_Gender_Education_Drug_Smoke_SKID_LEMON__DRUG_0=negative_1=Positive,111,0.18547656604077659,0.28505937818971616
personality_affect,6,Emotion_and_Personality_Test_Battery_LEMON__MARS__MARS_Affect_focused,103,0.18054769200383086,0.3421608479288742
personality_affect,6,Emotion_and_Personality_Test_Battery_LEMON__STAXI__STAXI_AC,111,-0.1798570572292428,0.1600080682925533
personality_affect,6,Emotion_and_Personality_Test_Battery_LEMON__LOT-R__LOT_sumscore,111,0.17963673128553867,0.3165336663811004
personality_affect,6,Emotion_and_Personality_Test_Battery_LEMON__NYC_Q_lemon__NYC-Q_lemon_12,108,-0.17789810857421443,0.16359092224501007
personality_affect,6,Emotion_and_Personality_Test_Battery_LEMON__STAXI__STAXI_TAT,111,-0.17697949958116857,0.1720048430610323
personality_affect,6,Emotion_and_Personality_Test_Battery_LEMON__NYC_Q_lemon__NYC-Q_lemon_7,110,0.1753919693772755,0.34898032656778943
personality_affect,6,Emotion_and_Personality_Test_Battery_LEMON__CERQ__CERQ_positiveRefocusing,111,-0.17334453496671215,0.16481215330322346
personality_affect,6,Emotion_and_Personality_Test_Battery_LEMON__TAS__TAS_ExternalThinking,111,0.16731477245232554,0.32784519285579133
personality_affect,6,Emotion_and_Personality_Test_Battery_LEMON__F-SozU_K-22__FSoZu_Vert,111,-0.1624540606691027,0.18883878746136248
personality_affect,6,Emotion_and_Personality_Test_Battery_LEMON__NYC_Q_lemon__NYC-Q_lemon_8,111,0.16052092856961164,0.3430977881599263
personality_affect,6,Emotion_and_Personality_Test_Battery_LEMON__COPE__COPE_UseOfInstrumentalSupport,111,0.15856184303512155,0.3081669644087599
personality_affect,6,Emotion_and_Personality_Test_Battery_LEMON__MDBF_Day3__MDBF_Day3_GS_Scale,80,0.15847589524588984,0.2914397579162051
personality_affect,6,Emotion_and_Personality_Test_Battery_LEMON__TAS__TAS_Describing,111,-0.15288879080864864,0.20005281642848505
personality_affect,6,Emotion_and_Personality_Test_Battery_LEMON__NYC_Q_lemon__NYC-Q_lemon_26,110,-0.14578004562942626,0.15486670065954827
personality_affect,6,Emotion_and_Personality_Test_Battery_LEMON__TICS__TICS_WorkDiscontent,111,0.14353178125695226,0.3488503722093324
personality_affect,6,Emotion_and_Personality_Test_Battery_LEMON__PSQ__PSQ_Worries,111,0.14349463337595927,0.2922971734622014
personality_affect,6,Emotion_and_Personality_Test_Battery_LEMON__TICS__TICS_WorkOverload,111,-0.1420648220346335,0.1755630713479754
personality_affect,6,Emotion_and_Personality_Test_Battery_LEMON__F-SozU_K-22__FSoZu_SI,111,-0.14121149474246905,0.13832200209622753
personality_affect,6,META_File_IDs_Age_Gender_Education_Drug_Smoke_SKID_LEMON__BSL23_behavior,79,-0.14096115422972003,0.20958051786051146
personality_affect,6,Emotion_and_Personality_Test_Battery_LEMON__NYC_Q_lemon__NYC-Q_lemon_1,110,0.13828603486649588,0.28766952687380715
personality_affect,6,Emotion_and_Personality_Test_Battery_LEMON__NYC_Q_lemon__NYC-Q_lemon_17,108,0.13816510898749437,0.29861529223546934
personality_affect,6,Emotion_and_Personality_Test_Battery_LEMON__NYC_Q_lemon__NYC-Q_lemon_31,111,0.1363005772608548,0.2998302566399545
personality_affect,6,META_File_IDs_Age_Gender_Education_Drug_Smoke_SKID_LEMON__BSL23_sumscore,79,-0.13522675215775698,0.160139878641182
personality_affect,6,Emotion_and_Personality_Test_Battery_LEMON__NYC_Q_lemon__NYC-Q_lemon_15,110,0.13355600544484522,0.2876927079154749
personality_affect,6,Emotion_and_Personality_Test_Battery_LEMON__TICS__TICS_SocialTension,111,0.13234148581992716,0.30534319845366864
personality_affect,6,Emotion_and_Personality_Test_Battery_LEMON__FEV__FEV_KK,111,0.12919856773651966,0.30828109587584074
personality_affect,6,Emotion_and_Personality_Test_Battery_LEMON__COPE__COPE_Acceptance,111,-0.12747579532046233,0.15976924379711815
personality_affect,6,Emotion_and_Personality_Test_Battery_LEMON__COPE__COPE_positiveReframing,111,-0.12651231673917115,0.16414424601117686
personality_affect,6,Emotion_and_Personality_Test_Battery_LEMON__BISBAS__BAS_Drive,111,0.12627219027990122,0.2840921659797509
personality_affect,6,Emotion_and_Personality_Test_Battery_LEMON__F-SozU_K-22__FSoZu_PU,111,-0.12497413879047344,0.13931018512242715
personality_affect,6,Emotion_and_Personality_Test_Battery_LEMON__MSPSS__MSPSS_total,111,-0.12321984234550798,0.15198581516050025
personality_affect,6,Emotion_and_Personality_Test_Battery_LEMON__NYC_Q_lemon__NYC-Q_lemon_23,111,0.12157906828430899,0.288032510186853
personality_affect,6,META_File_IDs_Age_Gender_Education_Drug_Smoke_SKID_LEMON__AUDIT,110,-0.10507024168869095,0.23894075143903928
personality_affect,6,Emotion_and_Personality_Test_Battery_LEMON__CERQ__CERQ_RefocusOnPlanning,111,-0.10397242356149572,0.18558912939404695
personality_affect,6,META_File_IDs_Age_Gender_Education_Drug_Smoke_SKID_LEMON__Hamilton_Scale,110,-0.09639296452775141,0.16579891799428378
personality_affect,6,Emotion_and_Personality_Test_Battery_LEMON__CERQ__CERQ_Acceptance,111,0.09547181734963298,0.26245049024994
personality_affect,6,"META_File_IDs_Age_Gender_Education_Drug_Smoke_SKID_LEMON__Smoking_num_(Non-smoker=1, Occasional Smoker=2, Smoker=3)",111,-0.09518028517757054,0.15344613014624855
personality_affect,6,Emotion_and_Personality_Test_Battery_LEMON__TICS__TICS_WorkDemands,111,-0.09289452752665907,0.17638111297568376
personality_affect,6,Emotion_and_Personality_Test_Battery_LEMON__MSPSS__MSPSS_Friends,111,0.08918678359995662,0.2675842531579661
personality_affect,6,Emotion_and_Personality_Test_Battery_LEMON__STAI_G_X2__STAI_Trait_Anxiety,111,0.08842319708067002,0.2840714281047583
personality_affect,6,Emotion_and_Personality_Test_Battery_LEMON__MARS__MARS_Disengagement,103,-0.08775327275963597,0.20137465130472954
personality_affect,6,Emotion_and_Personality_Test_Battery_LEMON__NEO_FFI__NEOFFI_Extraversion,111,0.08648505199846872,0.2847858970951724
personality_affect,6,Emotion_and_Personality_Test_Battery_LEMON__COPE__COPE_Humor,111,0.08590631741418889,0.28202992090400175
personality_affect,6,Emotion_and_Personality_Test_Battery_LEMON__COPE__COPE_SelfBlame,111,0.08555683343228444,0.262492324108558
personality_affect,6,Emotion_and_Personality_Test_Battery_LEMON__MARS__MARS_Avoidance,103,-0.08531571912491591,0.18484856245110426
personality_affect,6,Emotion_and_Personality_Test_Battery_LEMON__NEO_FFI__NEOFFI_Agreeableness,111,0.08447388625988048,0.24898488044331674
personality_affect,6,Emotion_and_Personality_Test_Battery_LEMON__NYC_Q_lemon__NYC-Q_lemon_24,110,0.08433225915102362,0.28261644754740445
personality_affect,6,Emotion_and_Personality_Test_Battery_LEMON__NYC_Q_lemon__NYC-Q_lemon_4,111,-0.08188400223619664,0.192311252372739
personality_affect,6,Emotion_and_Personality_Test_Battery_LEMON__CERQ__CERQ_Catastrophizing,111,-0.08026293537466493,0.2050236393929685
personality_affect,6,Emotion_and_Personality_Test_Battery_LEMON__NYC_Q_lemon__NYC-Q_lemon_11,111,0.07916946046097623,0.2577956975190711
personality_affect,6,Emotion_and_Personality_Test_Battery_LEMON__TICS__TICS_ScreeningScale,111,-0.07653016202385145,0.18910399028574634
personality_affect,6,Emotion_and_Personality_Test_Battery_LEMON__TICS__TICS_ChronicWorrying,111,-0.07590831402691012,0.19787316723121615
personality_affect,6,Emotion_and_Personality_Test_Battery_LEMON__NYC_Q_lemon__NYC-Q_lemon_9,111,0.07418846813261899,0.24902247792566645
personality_affect,6,Emotion_and_Personality_Test_Battery_LEMON__COPE__COPE_BehavioralDisengagement,111,-0.07370722079550895,0.21829027314340516
personality_affect,6,Emotion_and_Personality_Test_Battery_LEMON__TICS__TICS_SocialOverload,111,-0.07274341399638844,0.21791972824843348
personality_affect,6,Emotion_and_Personality_Test_Battery_LEMON__MDBF_Day2__MDBF_Day2_WM_Scale,108,0.07250225720237687,0.27217393930780204
personality_affect,6,Emotion_and_Personality_Test_Battery_LEMON__TAS__TAS_OverallScore,111,0.07142131638500508,0.27893149160959496
personality_affect,6,Emotion_and_Personality_Test_Battery_LEMON__TEIQue-SF__TeiQueSF_total,111,-0.06940545859159673,0.18773835576232745
personality_affect,6,Emotion_and_Personality_Test_Battery_LEMON__NYC_Q_lemon__NYC-Q_lemon_30,111,0.06897753256516669,0.2729180612555519
personality_affect,6,Emotion_and_Personality_Test_Battery_LEMON__TAS__TAS_Identification,111,-0.06183277486497529,0.19511655015075743
personality_affect,6,Emotion_and_Personality_Test_Battery_LEMON__ERQ__ERQ_reappraisal,111,0.060717299606301595,0.2489689927628431
personality_affect,6,Emotion_and_Personality_Test_Battery_LEMON__STAXI__STAXI_TAR,111,0.06026224950831152,0.2725689896433078
personality_affect,6,Emotion_and_Personality_Test_Battery_LEMON__NYC_Q_lemon__NYC-Q_lemon_6,111,0.0586697911005335,0.3231974475194095
personality_affect,6,Emotion_and_Personality_Test_Battery_LEMON__NYC_Q_lemon__NYC-Q_lemon_27,109,0.055881222218083094,0.2569705947104298
personality_affect,6,Emotion_and_Personality_Test_Battery_LEMON__NYC_Q_lemon__NYC-Q_lemon_3,110,0.05497929497089139,0.26548490615929876
personality_affect,6,META_File_IDs_Age_Gender_Education_Drug_Smoke_SKID_LEMON__Standard_Alcoholunits_Last_28days,111,-0.053944262393055,0.262280626899696
personality_affect,6,Emotion_and_Personality_Test_Battery_LEMON__NYC_Q_lemon__NYC-Q_lemon_10,111,-0.05315838381718124,0.15557049797567526
personality_affect,6,Emotion_and_Personality_Test_Battery_LEMON__NYC_Q_lemon__NYC-Q_lemon_14,111,0.052031627474627314,0.2612498027879178
personality_affect,6,Emotion_and_Personality_Test_Battery_LEMON__NYC_Q_lemon__NYC-Q_lemon_2,111,-0.05165635886796196,0.20272341108923397
personality_affect,6,Emotion_and_Personality_Test_Battery_LEMON__NEO_FFI__NEOFFI_Neuroticism,111,0.05156705306541671,0.2489908606765162
personality_affect,6,Emotion_and_Personality_Test_Battery_LEMON__PSQ__PSQ_OverallScore,111,0.04995943699921734,0.23854995361927123
personality_affect,6,Emotion_and_Personality_Test_Battery_LEMON__BISBAS__BIS,111,0.04774771059224244,0.24460768870487895
personality_affect,6,Emotion_and_Personality_Test_Battery_LEMON__PSQ__PSQ_Demands,111,-0.046624209353043594,0.20435356454176495
personality_affect,6,Emotion_and_Personality_Test_Battery_LEMON__PSQ__PSQ_Tension,111,0.046248908610982124,0.24662608636174732
personality_affect,6,Emotion_and_Personality_Test_Battery_LEMON__STAXI__STAXI_AI,111,0.045494321403303624,0.24549290321545109
personality_affect,6,Emotion_and_Personality_Test_Battery_LEMON__MARS__MARS_Cognitive_Distraction,103,-0.04500098648329798,0.22922489701218918
personality_affect,6,Emotion_and_Personality_Test_Battery_LEMON__STAXI__STAXI_State_Anger,111,0.03935194085880311,0.22672457784158123
personality_affect,6,Emotion_and_Personality_Test_Battery_LEMON__MARS__MARS_Situation_focused,103,0.03920709473062997,0.24088490823398223
personality_affect,6,Emotion_and_Personality_Test_Battery_LEMON__MDBF_Day1__MDBF_Day1_RU_Scale,108,0.03851426056390402,0.23612125595216885
personality_affect,6,Emotion_and_Personality_Test_Battery_LEMON__CERQ__CERQ_PuttingIntoPerspective,111,-0.03790384361206511,0.2088144875027364
personality_affect,6,Emotion_and_Personality_Test_Battery_LEMON__COPE__COPE_Religion,111,0.03509912864444983,0.2265631242819968
personality_affect,6,Emotion_and_Personality_Test_Battery_LEMON__TEIQue-SF__TeiQueSF_well_being,111,0.03222604939122172,0.22837472744656936
personality_affect,6,Emotion_and_Personality_Test_Battery_LEMON__UPPS__UPPS_urgency,111,0.031224008776292257,0.23749266555252715
personality_affect,6,Emotion_and_Personality_Test_Battery_LEMON__NEO_FFI__NEOFFI_OpennessForExperiences,111,-0.03101599948845891,0.23037236955220305
personality_affect,6,Emotion_and_Personality_Test_Battery_LEMON__NYC_Q_lemon__NYC-Q_lemon_19,111,-0.030700298399395965,0.20533169538843604
personality_affect,6,Emotion_and_Personality_Test_Battery_LEMON__TEIQue-SF__TeiQueSF_self_control,111,0.02983126782959122,0.25169561351625885
personality_affect,6,Emotion_and_Personality_Test_Battery_LEMON__FEV__FEV_STOER,111,0.029688164471297043,0.2506374435426825
personality_affect,6,Emotion_and_Personality_Test_Battery_LEMON__MDBF_Day1__MDBF_Day1_WM_Scale,110,-0.027367758272638043,0.22741445661005105
personality_affect,6,Emotion_and_Personality_Test_Battery_LEMON__UPPS__UPPS_lack_premeditation,111,0.023858499826490187,0.21758071349719602
personality_affect,6,Emotion_and_Personality_Test_Battery_LEMON__BISBAS__BAS_Fun,111,0.021067140233133844,0.22326539298768736
personality_affect,6,Emotion_and_Personality_Test_Battery_LEMON__PSQ__PSQ_Joy,111,0.019520767041740737,0.22248800020771584
personality_affect,6,Emotion_and_Personality_Test_Battery_LEMON__NYC_Q_lemon__NYC-Q_lemon_5,110,-0.01878428997351448,0.24122028352118355
personality_affect,6,Emotion_and_Personality_Test_Battery_LEMON__MDBF_Day2__MDBF_Day2_RU_Scale,109,0.018657373739736707,0.22079087523571994
personality_affect,6,Emotion_and_Personality_Test_Battery_LEMON__NYC_Q_lemon__NYC-Q_lemon_16,111,-0.018532321311210482,0.20613112075956996
personality_affect,6,Emotion_and_Personality_Test_Battery_LEMON__TEIQue-SF__TeiQueSF_sociability,111,-0.016140307899483744,0.21965682481389506
personality_affect,6,Emotion_and_Personality_Test_Battery_LEMON__COPE__COPE_Venting,111,0.014840722790156309,0.23561399810140277
personality_affect,6,Emotion_and_Personality_Test_Battery_LEMON__CERQ__CERQ_BlamingOthers,111,0.014558561864016491,0.29353782383702937
personality_affect,6,Emotion_and_Personality_Test_Battery_LEMON__STAXI__STAXI_Trait_Anger,111,-0.014481786448699376,0.25102936955664146
personality_affect,6,Emotion_and_Personality_Test_Battery_LEMON__F-SozU_K-22__FSoZu_Zuf,111,0.013564839992795142,0.22510242496563732
personality_affect,6,Emotion_and_Personality_Test_Battery_LEMON__TICS__TICS_PressuereToPerform,111,-0.01238045042834795,0.253055366763348
personality_affect,6,Emotion_and_Personality_Test_Battery_LEMON__NYC_Q_lemon__NYC-Q_lemon_29,111,0.009660237801698524,0.23526122980105352
personality_affect,6,Emotion_and_Personality_Test_Battery_LEMON__MSPSS__MSPSS_Family,111,-0.00946490221460429,0.19809093958442608
personality_affect,6,Emotion_and_Personality_Test_Battery_LEMON__MDBF_Day3__MDBF_Day3_RU_Scale,80,-0.00894964985784901,0.21172586352116232
personality_affect,6,Emotion_and_Personality_Test_Battery_LEMON__COPE__COPE_SelfDistraction,111,0.008653851043886369,0.2299519534299371
personality_affect,6,Emotion_and_Personality_Test_Battery_LEMON__ERQ__ERQ_suppression,111,-0.008409885605994982,0.23359478322321234
personality_affect,6,Emotion_and_Personality_Test_Battery_LEMON__LOT-R__LOT_Pessimism,111,0.00823932609509229,0.2245133425083642
personality_affect,6,Emotion_and_Personality_Test_Battery_LEMON__TICS__TICS_SocialIsolation,111,-0.0074877120227427145,0.22381119520212372
personality_affect,6,Emotion_and_Personality_Test_Battery_LEMON__NYC_Q_lemon__NYC-Q_lemon_20,111,-0.007224072655703095,0.2337590518088825
personality_affect,6,Emotion_and_Personality_Test_Battery_LEMON__NYC_Q_lemon__NYC-Q_lemon_21,110,-0.0067592542379898745,0.23869613168326598
personality_affect,6,Emotion_and_Personality_Test_Battery_LEMON__CERQ__CERQ_SelfBlame,111,-0.0056870007085432625,0.2605726438122398
personality_affect,6,Emotion_and_Personality_Test_Battery_LEMON__MDBF_Day2__MDBF_Day2_GS_Scale,109,-0.0035468730795954456,0.2000285930078497
personality_affect,6,Emotion_and_Personality_Test_Battery_LEMON__COPE__COPE_activeCoping,111,-0.002409257567419928,0.21563093053465732
personality_affect,6,Emotion_and_Personality_Test_Battery_LEMON__NYC_Q_lemon__NYC-Q_lemon_25,110,0.0022162596794279205,0.2447205222744311
personality_affect,6,Emotion_and_Personality_Test_Battery_LEMON__COPE__COPE_Denial,111,0.0017523771249933456,0.23045287274191897
personality_affect,6,Emotion_and_Personality_Test_Battery_LEMON__NYC_Q_lemon__NYC-Q_lemon_22,111,0.0011890658620872128,0.20398855526788703
personality_affect,6,META_File_IDs_Age_Gender_Education_Drug_Smoke_SKID_LEMON__Gender_ 1=female_2=male,111,-8.4703964750596e-05,0.26572236465363286
personality_affect,10,Emotion_and_Personality_Test_Battery_LEMON__NYC_Q_lemon__NYC-Q_lemon_28,110,-0.3930940871241287,0.13904928088391305
personality_affect,10,Emotion_and_Personality_Test_Battery_LEMON__LOT-R__LOT_Optimism,111,0.3781773707009896,0.5225723253088698
personality_affect,10,Emotion_and_Personality_Test_Battery_LEMON__FTP__FTP_SUM,70,0.3148448393849365,0.47894039645811143
personality_affect,10,Emotion_and_Personality_Test_Battery_LEMON__COPE__COPE_Planning,111,-0.31076304124232573,0.19142658184985104
personality_affect,10,Emotion_and_Personality_Test_Battery_LEMON__UPPS__UPPS_sens_seek,111,0.30431424339538493,0.48867730016968597
personality_affect,10,Emotion_and_Personality_Test_Battery_LEMON__MARS__MARS_Affect_focused,103,0.27156599026778344,0.4432618906946865
personality_affect,10,Emotion_and_Personality_Test_Battery_LEMON__FEV__FEV_HUNGER,111,0.27051371611781666,0.44031917441293783
personality_affect,10,Emotion_and_Personality_Test_Battery_LEMON__UPPS__UPPS_lack_perseverance,111,0.2623899164034547,0.4176542063285148
personality_affect,10,Emotion_and_Personality_Test_Battery_LEMON__MARS__MARS_Behavioral_Distraction,103,0.26228936073703624,0.45302584751610625
personality_affect,10,Emotion_and_Personality_Test_Battery_LEMON__MSPSS__MSPSS_SignificantOthers,111,-0.25456285186937244,0.20672399714318176
personality_affect,10,Emotion_and_Personality_Test_Battery_LEMON__NYC_Q_lemon__NYC-Q_lemon_26,110,-0.25356727284194297,0.1822937876444207
personality_affect,10,Emotion_and_Personality_Test_Battery_LEMON__COPE__COPE_Alkohol‎_Drogen,111,-0.24083815213238247,0.2836669281790047
personality_affect,10,Emotion_and_Personality_Test_Battery_LEMON__TICS__TICS_SocialTension,111,0.23846071807398359,0.42381331609101763
personality_affect,10,Emotion_and_Personality_Test_Battery_LEMON__MDBF_Day3__MDBF_Day3_WM_Scale,79,0.2292674126222757,0.40112447476022756
personality_affect,10,Emotion_and_Personality_Test_Battery_LEMON__NYC_Q_lemon__NYC-Q_lemon_8,111,0.2177640156242383,0.41991051761009063
personality_affect,10,Emotion_and_Personality_Test_Battery_LEMON__LOT-R__LOT_sumscore,111,0.21596009567347288,0.39026963634166006
personality_affect,10,Emotion_and_Personality_Test_Battery_LEMON__NYC_Q_lemon__NYC-Q_lemon_31,111,0.21436895157178204,0.4157538296140137
personality_affect,10,Emotion_and_Personality_Test_Battery_LEMON__TICS__TICS_WorkDiscontent,111,0.20890665788161814,0.4262681461103674
personality_affect,10,Emotion_and_Personality_Test_Battery_LEMON__NYC_Q_lemon__NYC-Q_lemon_18,109,-0.20470394829330404,0.18392665004046158
personality_affect,10,Emotion_and_Personality_Test_Battery_LEMON__NYC_Q_lemon__NYC-Q_lemon_20,111,0.20293192697491405,0.41524376007927716
personality_affect,10,"META_File_IDs_Age_Gender_Education_Drug_Smoke_SKID_LEMON__Smoking_num_(Non-smoker=1, Occasional Smoker=2, Smoker=3)",111,-0.20078517816226965,0.19074924345915434
personality_affect,10,Emotion_and_Personality_Test_Battery_LEMON__TAS__TAS_ExternalThinking,111,0.1994587558150711,0.40978576232151437
personality_affect,10,Emotion_and_Personality_Test_Battery_LEMON__NYC_Q_lemon__NYC-Q_lemon_24,110,0.19279574728444704,0.4026121504091559
personality_affect,10,Emotion_and_Personality_Test_Battery_LEMON__NYC_Q_lemon__NYC-Q_lemon_6,111,0.1879444981346301,0.43235462005253206
personality_affect,10,Emotion_and_Personality_Test_Battery_LEMON__NYC_Q_lemon__NYC-Q_lemon_17,108,0.1877679454327196,0.3808500707380962
personality_affect,10,Emotion_and_Personality_Test_Battery_LEMON__MSPSS__MSPSS_Friends,111,0.1845416096831306,0.3626853998852039
personality_affect,10,Emotion_and_Personality_Test_Battery_LEMON__COPE__COPE_UseOfEmotionalSupport,111,0.1798482102644273,0.3954992724856461
personality_affect,10,Emotion_and_Personality_Test_Battery_LEMON__COPE__COPE_UseOfInstrumentalSupport,111,0.17213204716201275,0.37039845576916036
personality_affect,10,Emotion_and_Personality_Test_Battery_LEMON__ERQ__ERQ_suppression,111,-0.16520118744778423,0.23666464975262178
personality_affect,10,Emotion_and_Personality_Test_Battery_LEMON__TAS__TAS_OverallScore,111,0.16462677870269576,0.3921478484800535
personality_affect,10,Emotion_and_Personality_Test_Battery_LEMON__PSQ__PSQ_Worries,111,0.1639269988599111,0.35835123903594607
personality_affect,10,Emotion_and_Personality_Test_Battery_LEMON__FEV__FEV_KK,111,0.1602692092456689,0.3836286561249582
personality_affect,10,Emotion_and_Personality_Test_Battery_LEMON__STAXI__STAXI_AC,111,-0.15816712043085449,0.22888834802523383
personality_affect,10,Emotion_and_Personality_Test_Battery_LEMON__F-SozU_K-22__FSoZu_EU,111,-0.15752008083292346,0.23787530442355093
personality_affect,10,Emotion_and_Personality_Test_Battery_LEMON__BISBAS__BAS_Reward,111,0.15606507992166332,0.35434718191302406
personality_affect,10,Emotion_and_Personality_Test_Battery_LEMON__CERQ__CERQ_positiveRefocusing,111,-0.15559874077967578,0.26958291145211744
personality_affect,10,Emotion_and_Personality_Test_Battery_LEMON__CERQ__CERQ_Catastrophizing,111,-0.1531908081045356,0.22839494200277685
personality_affect,10,Emotion_and_Personality_Test_Battery_LEMON__MDBF_Day1__MDBF_Day1_GS_Scale,109,0.15070222956477422,0.35459716970879773
personality_affect,10,Emotion_and_Personality_Test_Battery_LEMON__NYC_Q_lemon__NYC-Q_lemon_22,111,0.14858960522511,0.34166043580638017
personality_affect,10,META_File_IDs_Age_Gender_Education_Drug_Smoke_SKID_LEMON__DRUG_0=negative_1=Positive,111,0.13755205010996685,0.3067072390456003
personality_affect,10,Emotion_and_Personality_Test_Battery_LEMON__NEO_FFI__NEOFFI_Conscientiousness,111,0.13157451567836415,0.33326926587525835
personality_affect,10,Emotion_and_Personality_Test_Battery_LEMON__NYC_Q_lemon__NYC-Q_lemon_7,110,0.1297208843595876,0.38438354384184864
personality_affect,10,Emotion_and_Personality_Test_Battery_LEMON__NYC_Q_lemon__NYC-Q_lemon_3,110,0.12656802845069315,0.3637590751952779
personality_affect,10,Emotion_and_Personality_Test_Battery_LEMON__STAI_G_X2__STAI_Trait_Anxiety,111,0.1251380044503288,0.3572630014337168
personality_affect,10,META_File_IDs_Age_Gender_Education_Drug_Smoke_SKID_LEMON__Hamilton_Scale,110,-0.12289214472329588,0.20540574164293499
personality_affect,10,Emotion_and_Personality_Test_Battery_LEMON__NYC_Q_lemon__NYC-Q_lemon_10,111,-0.12180871407428424,0.18994602668389762
personality_affect,10,Emotion_and_Personality_Test_Battery_LEMON__MDBF_Day1__MDBF_Day1_WM_Scale,110,-0.11965856344947799,0.2435400828139557
personality_affect,10,Emotion_and_Personality_Test_Battery_LEMON__TEIQue-SF__TeiQueSF_sociability,111,-0.1192400525235779,0.2463983508216295
personality_affect,10,Emotion_and_Personality_Test_Battery_LEMON__NYC_Q_lemon__NYC-Q_lemon_19,111,0.11847486819575014,0.3621108161782429
personality_affect,10,Emotion_and_Personality_Test_Battery_LEMON__TEIQue-SF__TeiQueSF_total,111,-0.11793846824838673,0.2442446783832767
personality_affect,10,Emotion_and_Personality_Test_Battery_LEMON__COPE__COPE_BehavioralDisengagement,111,-0.11188631982041604,0.3501520832351911
personality_affect,10,Emotion_and_Personality_Test_Battery_LEMON__NYC_Q_lemon__NYC-Q_lemon_21,110,0.10999647109143089,0.34922150664018814
personality_affect,10,Emotion_and_Personality_Test_Battery_LEMON__TICS__TICS_PressuereToPerform,111,0.10984732001057108,0.37780546178893476
personality_affect,10,Emotion_and_Personality_Test_Battery_LEMON__LOT-R__LOT_Pessimism,111,0.1039086986022572,0.3472309422107216
personality_affect,10,Emotion_and_Personality_Test_Battery_LEMON__TAS__TAS_Describing,111,0.10257555473076467,0.3849396899588302
personality_affect,10,Emotion_and_Personality_Test_Battery_LEMON__PSQ__PSQ_OverallScore,111,0.10235984200569521,0.33032431208124763
personality_affect,10,Emotion_and_Personality_Test_Battery_LEMON__TICS__TICS_LackSocialRecognition,111,-0.10187501825125175,0.3250637598533343
personality_affect,10,Emotion_and_Personality_Test_Battery_LEMON__NYC_Q_lemon__NYC-Q_lemon_27,109,0.10173284831121313,0.35163576267114227
personality_affect,10,Emotion_and_Personality_Test_Battery_LEMON__NYC_Q_lemon__NYC-Q_lemon_23,111,0.09886199051008605,0.348399467250501
personality_affect,10,Emotion_and_Personality_Test_Battery_LEMON__MDBF_Day3__MDBF_Day3_GS_Scale,80,0.0932660513399499,0.31589677720817505
personality_affect,10,Emotion_and_Personality_Test_Battery_LEMON__BISBAS__BAS_Drive,111,0.09217128412130163,0.31986770852209273
personality_affect,10,Emotion_and_Personality_Test_Battery_LEMON__NYC_Q_lemon__NYC-Q_lemon_30,111,0.091699875092836,0.35589407624579367
personality_affect,10,Emotion_and_Personality_Test_Battery_LEMON__PSQ__PSQ_Tension,111,0.09039586270130018,0.3375732846522133
personality_affect,10,Emotion_and_Personality_Test_Battery_LEMON__F-SozU_K-22__FSoZu_Vert,111,-0.08948427799090251,0.2714092935626492
personality_affect,10,Emotion_and_Personality_Test_Battery_LEMON__NYC_Q_lemon__NYC-Q_lemon_4,111,-0.08858383851097068,0.2516957231297301
personality_affect,10,Emotion_and_Personality_Test_Battery_LEMON__COPE__COPE_SelfDistraction,111,0.08712599851694047,0.34102330448194507
personality_affect,10,Emotion_and_Personality_Test_Battery_LEMON__NYC_Q_lemon__NYC-Q_lemon_11,111,0.0856175954204355,0.3209559619910946
personality_affect,10,Emotion_and_Personality_Test_Battery_LEMON__NYC_Q_lemon__NYC-Q_lemon_15,110,0.08503905800977678,0.33292645439476765
personality_affect,10,Emotion_and_Personality_Test_Battery_LEMON__MSPSS__MSPSS_Family,111,0.08398085188837293,0.30644826584299717
personality_affect,10,Emotion_and_Personality_Test_Battery_LEMON__CERQ__CERQ_RefocusOnPlanning,111,-0.08323581555147568,0.2609364465655223
personality_affect,10,Emotion_and_Personality_Test_Battery_LEMON__STAXI__STAXI_TAT,111,-0.08315844678442638,0.3030994971240833
personality_affect,10,Emotion_and_Personality_Test_Battery_LEMON__NYC_Q_lemon__NYC-Q_lemon_5,110,0.07692602183057148,0.3449878055098281
personality_affect,10,Emotion_and_Personality_Test_Battery_LEMON__TICS__TICS_WorkOverload,111,0.07688252831106952,0.3640615478833059
personality_affect,10,Emotion_and_Personality_Test_Battery_LEMON__MARS__MARS_Cognitive_Distraction,103,-0.07585122729363637,0.2785639770455157
personality_affect,10,Emotion_and_Personality_Test_Battery_LEMON__TICS__TICS_SocialOverload,111,0.0750175832509488,0.37620654543334503
personality_affect,10,Emotion_and_Personality_Test_Battery_LEMON__COPE__COPE_positiveReframing,111,0.07454560284830947,0.33818273705571406
personality_affect,10,Emotion_and_Personality_Test_Battery_LEMON__TICS__TICS_SocialIsolation,111,0.0725220981278739,0.3368607862934036
personality_affect,10,Emotion_and_Personality_Test_Battery_LEMON__COPE__COPE_Humor,111,0.07213414279658531,0.331663166054798
personality_affect,10,Emotion_and_Personality_Test_Battery_LEMON__NYC_Q_lemon__NYC-Q_lemon_1,110,0.0678728473338103,0.31300035668470433
personality_affect,10,Emotion_and_Personality_Test_Battery_LEMON__TAS__TAS_Identification,111,-0.06777699466013593,0.2578374006399627
personality_affect,10,Emotion_and_Personality_Test_Battery_LEMON__MSPSS__MSPSS_total,111,0.06646946760905684,0.3105967875261786
personality_affect,10,Emotion_and_Personality_Test_Battery_LEMON__COPE__COPE_activeCoping,111,-0.06447819006352686,0.2548499094380545
personality_affect,10,Emotion_and_Personality_Test_Battery_LEMON__MDBF_Day2__MDBF_Day2_WM_Scale,108,-0.06311076089392152,0.28240974997211044
personality_affect,10,META_File_IDs_Age_Gender_Education_Drug_Smoke_SKID_LEMON__BSL23_sumscore,79,0.0621613987456253,0.3070575570875322
personality_affect,10,Emotion_and_Personality_Test_Battery_LEMON__CERQ__CERQ_PuttingIntoPerspective,111,-0.0617142915252593,0.28144355231088064
personality_affect,10,Emotion_and_Personality_Test_Battery_LEMON__NEO_FFI__NEOFFI_Agreeableness,111,0.06166191220463807,0.3110797621985126
personality_affect,10,Emotion_and_Personality_Test_Battery_LEMON__MDBF_Day2__MDBF_Day2_GS_Scale,109,0.0613365223749221,0.3210519783609389
personality_affect,10,Emotion_and_Personality_Test_Battery_LEMON__CERQ__CERQ_Acceptance,111,0.06041859086176981,0.31277593901451
personality_affect,10,Emotion_and_Personality_Test_Battery_LEMON__MDBF_Day3__MDBF_Day3_RU_Scale,80,-0.058894649916403356,0.2585937940849796
personality_affect,10,META_File_IDs_Age_Gender_Education_Drug_Smoke_SKID_LEMON__BSL23_behavior,79,-0.05494425804383656,0.31773898130515965
personality_affect,10,Emotion_and_Personality_Test_Battery_LEMON__NYC_Q_lemon__NYC-Q_lemon_12,108,0.0543180994545954,0.34066434189182637
personality_affect,10,Emotion_and_Personality_Test_Battery_LEMON__BISBAS__BIS,111,0.05377499879451401,0.301674386635901
personality_affect,10,Emotion_and_Personality_Test_Battery_LEMON__NYC_Q_lemon__NYC-Q_lemon_25,110,-0.05292062355174175,0.26280985666623724
personality_affect,10,Emotion_and_Personality_Test_Battery_LEMON__FEV__FEV_STOER,111,0.05168146200153109,0.3204314115675195
personality_affect,10,Emotion_and_Personality_Test_Battery_LEMON__ERQ__ERQ_reappraisal,111,-0.04817387368752757,0.2707330625418971
personality_affect,10,Emotion_and_Personality_Test_Battery_LEMON__NEO_FFI__NEOFFI_OpennessForExperiences,111,-0.047640545133352065,0.2809679774432438
personality_affect,10,Emotion_and_Personality_Test_Battery_LEMON__STAXI__STAXI_AO,111,0.04706040555168107,0.3265671937384079
personality_affect,10,Emotion_and_Personality_Test_Battery_LEMON__TICS__TICS_ChronicWorrying,111,0.04567547871959419,0.3469279001589237
personality_affect,10,Emotion_and_Personality_Test_Battery_LEMON__NEO_FFI__NEOFFI_Extraversion,111,0.04182412430435589,0.3289211897196435
personality_affect,10,Emotion_and_Personality_Test_Battery_LEMON__PSQ__PSQ_Demands,111,0.04145378680741236,0.3199117959642792
personality_affect,10,Emotion_and_Personality_Test_Battery_LEMON__CERQ__CERQ_PositiveReappraisal,111,-0.04141547926838327,0.289403921094575
personality_affect,10,Emotion_and_Personality_Test_Battery_LEMON__STAXI__STAXI_AI,111,-0.04031772516304094,0.26589618898020523
personality_affect,10,Emotion_and_Personality_Test_Battery_LEMON__COPE__COPE_Acceptance,111,0.03944573772653843,0.30720425988739336
personality_affect,10,Emotion_and_Personality_Test_Battery_LEMON__UPPS__UPPS_lack_premeditation,111,0.03787744056727206,0.30411030294643954
personality_affect,10,Emotion_and_Personality_Test_Battery_LEMON__TICS__TICS_ScreeningScale,111,0.037482626333739215,0.32354493148836455
personality_affect,10,Emotion_and_Personality_Test_Battery_LEMON__COPE__COPE_Denial,111,-0.03722724483047177,0.2839955716634373
personality_affect,10,Emotion_and_Personality_Test_Battery_LEMON__F-SozU_K-22__FSoZu_PU,111,0.035813286479354854,0.31048306534295095
personality_affect,10,Emotion_and_Personality_Test_Battery_LEMON__NYC_Q_lemon__NYC-Q_lemon_9,111,-0.034748480448250914,0.2588103059420689
personality_affect,10,META_File_IDs_Age_Gender_Education_Drug_Smoke_SKID_LEMON__Gender_ 1=female_2=male,111,0.03353785083031583,0.34679753549352904
personality_affect,10,Emotion_and_Personality_Test_Battery_LEMON__STAXI__STAXI_Trait_Anger,111,-0.03310849947555132,0.3272756488795167
personality_affect,10,Emotion_and_Personality_Test_Battery_LEMON__NYC_Q_lemon__NYC-Q_lemon_14,111,0.03216758440616415,0.3213714262432505
personality_affect,10,Emotion_and_Personality_Test_Battery_LEMON__NYC_Q_lemon__NYC-Q_lemon_16,111,-0.03161991918974694,0.27313773405954683
personality_affect,10,Emotion_and_Personality_Test_Battery_LEMON__STAXI__STAXI_TAR,111,-0.03050807063434332,0.301411467512954
personality_affect,10,Emotion_and_Personality_Test_Battery_LEMON__MARS__MARS_Disengagement,103,-0.029825105238832632,0.28482069894744194
personality_affect,10,Emotion_and_Personality_Test_Battery_LEMON__STAXI__STAXI_State_Anger,111,0.025384581705020632,0.28257915663288335
personality_affect,10,Emotion_and_Personality_Test_Battery_LEMON__COPE__COPE_SelfBlame,111,-0.023851808854683857,0.27635753299116733
personality_affect,10,Emotion_and_Personality_Test_Battery_LEMON__TICS__TICS_WorkDemands,111,-0.02370403439888463,0.27653172158660744
personality_affect,10,Emotion_and_Personality_Test_Battery_LEMON__CERQ__CERQ_SelfBlame,111,0.022933944588011655,0.3565560858521325
personality_affect,10,Emotion_and_Personality_Test_Battery_LEMON__F-SozU_K-22__FSoZu_Zuf,111,-0.022460374708789702,0.29191913922478196
personality_affect,10,Emotion_and_Personality_Test_Battery_LEMON__TEIQue-SF__TeiQueSF_well_being,111,-0.022140752282456985,0.2767334539598416
personality_affect,10,META_File_IDs_Age_Gender_Education_Drug_Smoke_SKID_LEMON__AUDIT,110,0.02209741693066231,0.3275719405538306
personality_affect,10,META_File_IDs_Age_Gender_Education_Drug_Smoke_SKID_LEMON__Standard_Alcoholunits_Last_28days,111,0.021445234870830932,0.3598764414110932
personality_affect,10,Emotion_and_Personality_Test_Battery_LEMON__MDBF_Day1__MDBF_Day1_RU_Scale,108,0.02126075443780235,0.28994046926426964
personality_affect,10,Emotion_and_Personality_Test_Battery_LEMON__TEIQue-SF__TeiQueSF_self_control,111,-0.020640349915958412,0.29401998206236357
personality_affect,10,Emotion_and_Personality_Test_Battery_LEMON__UPPS__UPPS_urgency,111,-0.018851406203419418,0.2844480373280387
personality_affect,10,Emotion_and_Personality_Test_Battery_LEMON__CERQ__CERQ_Rumination,111,-0.018355234510476007,0.2953840152130591
personality_affect,10,Emotion_and_Personality_Test_Battery_LEMON__CERQ__CERQ_BlamingOthers,111,-0.01736235309101019,0.3341645470743872
personality_affect,10,Emotion_and_Personality_Test_Battery_LEMON__NYC_Q_lemon__NYC-Q_lemon_2,111,0.014723369398195334,0.30734351070615956
personality_affect,10,Emotion_and_Personality_Test_Battery_LEMON__COPE__COPE_Religion,111,0.014107351380232927,0.30182944768209896
personality_affect,10,Emotion_and_Personality_Test_Battery_LEMON__NYC_Q_lemon__NYC-Q_lemon_29,111,0.011210343470547796,0.2895967095580001
personality_affect,10,Emotion_and_Personality_Test_Battery_LEMON__F-SozU_K-22__FSoZu_SI,111,0.011202249622238567,0.29466475101627576
personality_affect,10,Emotion_and_Personality_Test_Battery_LEMON__MARS__MARS_Situation_focused,103,0.010946241173817399,0.31875143713058257
personality_affect,10,Emotion_and_Personality_Test_Battery_LEMON__TEIQue-SF__TeiQueSF_emotionality,111,0.010522107585657312,0.3103165403226698
personality_affect,10,Emotion_and_Personality_Test_Battery_LEMON__PSQ__PSQ_Joy,111,-0.010230205877746269,0.27206663741609033
personality_affect,10,Emotion_and_Personality_Test_Battery_LEMON__BISBAS__BAS_Fun,111,-0.009280288986543352,0.2780133243074865
personality_affect,10,Emotion_and_Personality_Test_Battery_LEMON__MARS__MARS_Avoidance,103,0.008841054632497878,0.32537379790031323
personality_affect,10,Emotion_and_Personality_Test_Battery_LEMON__COPE__COPE_Venting,111,0.007383981408577845,0.3222891353857255
personality_affect,10,Emotion_and_Personality_Test_Battery_LEMON__MDBF_Day2__MDBF_Day2_RU_Scale,109,-0.007078138194326315,0.2932182504618665
personality_affect,10,Emotion_and_Personality_Test_Battery_LEMON__NYC_Q_lemon__NYC-Q_lemon_13,110,-0.004336030212722947,0.3093307682661046
personality_affect,10,Emotion_and_Personality_Test_Battery_LEMON__NEO_FFI__NEOFFI_Neuroticism,111,-0.0003623317663750569,0.29089822143377886
personality_affect,20,Emotion_and_Personality_Test_Battery_LEMON__NYC_Q_lemon__NYC-Q_lemon_28,110,-0.36831909821486636,0.19535470403923424
personality_affect,20,Emotion_and_Personality_Test_Battery_LEMON__LOT-R__LOT_Optimism,111,0.3585713501872025,0.5585975194193589
personality_affect,20,Emotion_and_Personality_Test_Battery_LEMON__COPE__COPE_Planning,111,-0.3424121226986402,0.20646257416440328
personality_affect,20,Emotion_and_Personality_Test_Battery_LEMON__COPE__COPE_Alkohol‎_Drogen,111,-0.33042738980822944,0.32374919003144964
personality_affect,20,Emotion_and_Personality_Test_Battery_LEMON__F-SozU_K-22__FSoZu_EU,111,-0.2952050455386938,0.2739631519964873
personality_affect,20,Emotion_and_Personality_Test_Battery_LEMON__FTP__FTP_SUM,70,0.2885364325026198,0.5398223211024085
personality_affect,20,Emotion_and_Personality_Test_Battery_LEMON__NYC_Q_lemon__NYC-Q_lemon_26,110,-0.26586774449572825,0.22692645094167319
personality_affect,20,META_File_IDs_Age_Gender_Education_Drug_Smoke_SKID_LEMON__Standard_Alcoholunits_Last_28days,111,-0.265489809529589,0.3410892013339766
personality_affect,20,Emotion_and_Personality_Test_Battery_LEMON__NYC_Q_lemon__NYC-Q_lemon_4,111,-0.26488525051308204,0.2695182043167436
personality_affect,20,Emotion_and_Personality_Test_Battery_LEMON__NYC_Q_lemon__NYC-Q_lemon_18,109,-0.26456785556390217,0.2527667065223416
personality_affect,20,META_File_IDs_Age_Gender_Education_Drug_Smoke_SKID_LEMON__BSL23_behavior,79,-0.24885735008193705,0.24563823644150645
personality_affect,20,Emotion_and_Personality_Test_Battery_LEMON__MARS__MARS_Behavioral_Distraction,103,0.24649750091397152,0.5056469850413351
personality_affect,20,Emotion_and_Personality_Test_Battery_LEMON__NYC_Q_lemon__NYC-Q_lemon_24,110,0.24251374813040036,0.4939472199670914
personality_affect,20,Emotion_and_Personality_Test_Battery_LEMON__STAXI__STAXI_TAT,111,-0.2246866134065957,0.31737573977599703
personality_affect,20,Emotion_and_Personality_Test_Battery_LEMON__MSPSS__MSPSS_SignificantOthers,111,-0.22428167245134703,0.31592018044589176
personality_affect,20,META_File_IDs_Age_Gender_Education_Drug_Smoke_SKID_LEMON__Gender_ 1=female_2=male,111,0.21631269576378478,0.5012615026059063
personality_affect,20,Emotion_and_Personality_Test_Battery_LEMON__MDBF_Day1__MDBF_Day1_WM_Scale,110,-0.20474273666944792,0.2883191466207839
personality_affect,20,META_File_IDs_Age_Gender_Education_Drug_Smoke_SKID_LEMON__AUDIT,110,-0.19369498571079766,0.3493655484202692
personality_affect,20,Emotion_and_Personality_Test_Battery_LEMON__ERQ__ERQ_reappraisal,111,0.19070572470001243,0.43577987007112473
personality_affect,20,Emotion_and_Personality_Test_Battery_LEMON__COPE__COPE_UseOfEmotionalSupport,111,0.19052412558434473,0.46748755847309015
personality_affect,20,Emotion_and_Personality_Test_Battery_LEMON__FEV__FEV_HUNGER,111,0.19020892601935546,0.463201019119019
personality_affect,20,Emotion_and_Personality_Test_Battery_LEMON__CERQ__CERQ_RefocusOnPlanning,111,-0.18621237264568474,0.2927842766316206
personality_affect,20,Emotion_and_Personality_Test_Battery_LEMON__UPPS__UPPS_lack_perseverance,111,0.17813615593614274,0.46245953809741736
personality_affect,20,Emotion_and_Personality_Test_Battery_LEMON__TAS__TAS_Identification,111,-0.17731654448638218,0.28439788839657837
personality_affect,20,Emotion_and_Personality_Test_Battery_LEMON__TEIQue-SF__TeiQueSF_total,111,-0.1767598284736899,0.3363721920376381
personality_affect,20,Emotion_and_Personality_Test_Battery_LEMON__COPE__COPE_activeCoping,111,-0.1766075349060354,0.28423744120732813
personality_affect,20,Emotion_and_Personality_Test_Battery_LEMON__CERQ__CERQ_PuttingIntoPerspective,111,-0.16619292919053927,0.31198667974594496
personality_affect,20,Emotion_and_Personality_Test_Battery_LEMON__CERQ__CERQ_Rumination,111,-0.1631861984316265,0.31933522910987383
personality_affect,20,Emotion_and_Personality_Test_Battery_LEMON__LOT-R__LOT_sumscore,111,0.15694214388063077,0.43797635787427186
personality_affect,20,Emotion_and_Personality_Test_Battery_LEMON__NYC_Q_lemon__NYC-Q_lemon_20,111,0.1563040315372458,0.49626822742633037
personality_affect,20,Emotion_and_Personality_Test_Battery_LEMON__NYC_Q_lemon__NYC-Q_lemon_31,111,0.15160398862836283,0.44275370773613243
personality_affect,20,Emotion_and_Personality_Test_Battery_LEMON__NYC_Q_lemon__NYC-Q_lemon_15,110,0.14734480927913937,0.4171234311989117
personality_affect,20,Emotion_and_Personality_Test_Battery_LEMON__UPPS__UPPS_urgency,111,0.14272875761829487,0.40623427250088057
personality_affect,20,Emotion_and_Personality_Test_Battery_LEMON__NYC_Q_lemon__NYC-Q_lemon_13,110,-0.14232402038022443,0.32927967006986186
personality_affect,20,META_File_IDs_Age_Gender_Education_Drug_Smoke_SKID_LEMON__Hamilton_Scale,110,-0.1417338937461271,0.22503858058870924
personality_affect,20,Emotion_and_Personality_Test_Battery_LEMON__NYC_Q_lemon__NYC-Q_lemon_19,111,0.14088326820011307,0.438867402166336
personality_affect,20,Emotion_and_Personality_Test_Battery_LEMON__MDBF_Day3__MDBF_Day3_RU_Scale,80,-0.13944569615844687,0.3083991380671573
personality_affect,20,Emotion_and_Personality_Test_Battery_LEMON__TICS__TICS_PressuereToPerform,111,0.13784246011284915,0.4846009326595496
personality_affect,20,Emotion_and_Personality_Test_Battery_LEMON__UPPS__UPPS_lack_premeditation,111,0.13750678017735984,0.43706059147921594
personality_affect,20,Emotion_and_Personality_Test_Battery_LEMON__CERQ__CERQ_Catastrophizing,111,-0.1352997387616725,0.31654729274522586
personality_affect,20,Emotion_and_Personality_Test_Battery_LEMON__COPE__COPE_SelfDistraction,111,0.1322050226507449,0.4257605565064627
personality_affect,20,Emotion_and_Personality_Test_Battery_LEMON__ERQ__ERQ_suppression,111,-0.1292819410743052,0.3280873926978266
personality_affect,20,Emotion_and_Personality_Test_Battery_LEMON__F-SozU_K-22__FSoZu_Vert,111,-0.1232962306919728,0.34405060389409653
personality_affect,20,Emotion_and_Personality_Test_Battery_LEMON__PSQ__PSQ_Tension,111,0.12269037910971334,0.4232805947835807
personality_affect,20,Emotion_and_Personality_Test_Battery_LEMON__TEIQue-SF__TeiQueSF_emotionality,111,-0.12086512075359405,0.33302938005178373
personality_affect,20,Emotion_and_Personality_Test_Battery_LEMON__LOT-R__LOT_Pessimism,111,0.12043906742304648,0.37398087112557804
personality_affect,20,Emotion_and_Personality_Test_Battery_LEMON__TEIQue-SF__TeiQueSF_sociability,111,-0.12016954437392022,0.3237311112935243
personality_affect,20,Emotion_and_Personality_Test_Battery_LEMON__COPE__COPE_UseOfInstrumentalSupport,111,0.118493889374155,0.4300402883464787
personality_affect,20,Emotion_and_Personality_Test_Battery_LEMON__UPPS__UPPS_sens_seek,111,0.11822735462735333,0.4781511230421493
personality_affect,20,Emotion_and_Personality_Test_Battery_LEMON__NYC_Q_lemon__NYC-Q_lemon_23,111,0.11647004829362888,0.41510839805904487
personality_affect,20,Emotion_and_Personality_Test_Battery_LEMON__BISBAS__BAS_Drive,111,-0.11640526246147061,0.3072067832603246
personality_affect,20,Emotion_and_Personality_Test_Battery_LEMON__F-SozU_K-22__FSoZu_SI,111,-0.1129340660262717,0.31832386578793714
personality_affect,20,Emotion_and_Personality_Test_Battery_LEMON__COPE__COPE_Venting,111,0.11279942543362499,0.4406143518060056
personality_affect,20,Emotion_and_Personality_Test_Battery_LEMON__NYC_Q_lemon__NYC-Q_lemon_30,111,0.11272401340809714,0.4211857379465273
personality_affect,20,Emotion_and_Personality_Test_Battery_LEMON__CERQ__CERQ_BlamingOthers,111,-0.11137192907791599,0.36004066963306824
personality_affect,20,Emotion_and_Personality_Test_Battery_LEMON__NYC_Q_lemon__NYC-Q_lemon_12,108,-0.10953782444860907,0.33359103347167496
personality_affect,20,Emotion_and_Personality_Test_Battery_LEMON__COPE__COPE_Denial,111,-0.10819622441545469,0.29105543122795036
personality_affect,20,Emotion_and_Personality_Test_Battery_LEMON__TEIQue-SF__TeiQueSF_well_being,111,-0.10708924899440614,0.2939330767771633
personality_affect,20,Emotion_and_Personality_Test_Battery_LEMON__NYC_Q_lemon__NYC-Q_lemon_2,111,0.10680063305301053,0.41326192339052475
personality_affect,20,Emotion_and_Personality_Test_Battery_LEMON__NYC_Q_lemon__NYC-Q_lemon_29,111,-0.10462644846824902,0.32617752231003255
personality_affect,20,Emotion_and_Personality_Test_Battery_LEMON__COPE__COPE_BehavioralDisengagement,111,-0.10416441898225673,0.38384163407813426
personality_affect,20,Emotion_and_Personality_Test_Battery_LEMON__F-SozU_K-22__FSoZu_PU,111,-0.09624301309151052,0.3286681217763466
personality_affect,20,Emotion_and_Personality_Test_Battery_LEMON__TEIQue-SF__TeiQueSF_self_control,111,0.09533172478044162,0.4030227955967238
personality_affect,20,Emotion_and_Personality_Test_Battery_LEMON__NYC_Q_lemon__NYC-Q_lemon_1,110,0.09424102557296622,0.37681760696899
personality_affect,20,Emotion_and_Personality_Test_Battery_LEMON__NYC_Q_lemon__NYC-Q_lemon_5,110,-0.09194808864997794,0.40439414062814943
personality_affect,20,Emotion_and_Personality_Test_Battery_LEMON__NYC_Q_lemon__NYC-Q_lemon_10,111,-0.09187742218672172,0.24477452436756608
personality_affect,20,Emotion_and_Personality_Test_Battery_LEMON__MSPSS__MSPSS_total,111,-0.09150140519118362,0.33084806906891046
personality_affect,20,Emotion_and_Personality_Test_Battery_LEMON__MARS__MARS_Affect_focused,103,0.08917553907959333,0.47362319580131323
personality_affect,20,Emotion_and_Personality_Test_Battery_LEMON__NEO_FFI__NEOFFI_Extraversion,111,-0.08908287272225546,0.326826043490829
personality_affect,20,Emotion_and_Personality_Test_Battery_LEMON__TICS__TICS_WorkDemands,111,-0.08833554603238554,0.3757894315676623
personality_affect,20,Emotion_and_Personality_Test_Battery_LEMON__CERQ__CERQ_PositiveReappraisal,111,-0.08810434039785338,0.2885415807141244
personality_affect,20,Emotion_and_Personality_Test_Battery_LEMON__PSQ__PSQ_Demands,111,-0.08572217643996143,0.3574547135470919
personality_affect,20,Emotion_and_Personality_Test_Battery_LEMON__TICS__TICS_SocialOverload,111,0.08437951034094746,0.45567326340351705
personality_affect,20,Emotion_and_Personality_Test_Battery_LEMON__CERQ__CERQ_positiveRefocusing,111,0.08415025665190128,0.4565810774066675
personality_affect,20,Emotion_and_Personality_Test_Battery_LEMON__TAS__TAS_OverallScore,111,0.07796961437143722,0.44791101099656655
personality_affect,20,Emotion_and_Personality_Test_Battery_LEMON__PSQ__PSQ_Joy,111,-0.07653352628517877,0.3415463332107385
personality_affect,20,Emotion_and_Personality_Test_Battery_LEMON__TICS__TICS_SocialTension,111,0.07475547482223781,0.4760934853729231
personality_affect,20,Emotion_and_Personality_Test_Battery_LEMON__MDBF_Day3__MDBF_Day3_WM_Scale,79,0.07458997411967015,0.3524517435462441
personality_affect,20,"META_File_IDs_Age_Gender_Education_Drug_Smoke_SKID_LEMON__Smoking_num_(Non-smoker=1, Occasional Smoker=2, Smoker=3)",111,-0.0719471226875668,0.29541399115016315
personality_affect,20,Emotion_and_Personality_Test_Battery_LEMON__MDBF_Day2__MDBF_Day2_WM_Scale,108,-0.0706777661495763,0.3189094835352221
personality_affect,20,Emotion_and_Personality_Test_Battery_LEMON__NYC_Q_lemon__NYC-Q_lemon_11,111,0.07067383443812215,0.343478444263974
personality_affect,20,Emotion_and_Personality_Test_Battery_LEMON__FEV__FEV_KK,111,0.06982933540955097,0.36896917240854216
personality_affect,20,Emotion_and_Personality_Test_Battery_LEMON__NYC_Q_lemon__NYC-Q_lemon_7,110,0.06953997774254828,0.44226974695427484
personality_affect,20,Emotion_and_Personality_Test_Battery_LEMON__PSQ__PSQ_Worries,111,0.06675486202385514,0.3948611945019857
personality_affect,20,Emotion_and_Personality_Test_Battery_LEMON__NEO_FFI__NEOFFI_Neuroticism,111,0.06658398762318252,0.37344798029384535
personality_affect,20,Emotion_and_Personality_Test_Battery_LEMON__STAXI__STAXI_TAR,111,0.06574817198167374,0.4519946070980765
personality_affect,20,Emotion_and_Personality_Test_Battery_LEMON__MDBF_Day1__MDBF_Day1_GS_Scale,109,0.06520791168107472,0.3285157981234855
personality_affect,20,Emotion_and_Personality_Test_Battery_LEMON__NYC_Q_lemon__NYC-Q_lemon_3,110,0.06422599514463019,0.39351595464652517
personality_affect,20,Emotion_and_Personality_Test_Battery_LEMON__COPE__COPE_Humor,111,-0.0615994951132769,0.3147096683469849
personality_affect,20,Emotion_and_Personality_Test_Battery_LEMON__NYC_Q_lemon__NYC-Q_lemon_27,109,0.06039016526697532,0.3808858653505739
personality_affect,20,Emotion_and_Personality_Test_Battery_LEMON__COPE__COPE_Religion,111,0.059729328152519134,0.3751007326450632
personality_affect,20,Emotion_and_Personality_Test_Battery_LEMON__NYC_Q_lemon__NYC-Q_lemon_21,110,0.05907031253641142,0.4182596429625145
personality_affect,20,Emotion_and_Personality_Test_Battery_LEMON__STAXI__STAXI_AI,111,-0.059049703361372864,0.313965546170933
personality_affect,20,Emotion_and_Personality_Test_Battery_LEMON__F-SozU_K-22__FSoZu_Zuf,111,-0.05787831921169279,0.3351524879060402
personality_affect,20,Emotion_and_Personality_Test_Battery_LEMON__STAXI__STAXI_Trait_Anger,111,-0.055096626781603375,0.40706962652068507
personality_affect,20,Emotion_and_Personality_Test_Battery_LEMON__TAS__TAS_ExternalThinking,111,0.0549549022912793,0.422273633879462
personality_affect,20,Emotion_and_Personality_Test_Battery_LEMON__CERQ__CERQ_SelfBlame,111,-0.054417932870298634,0.3436033784482365
personality_affect,20,Emotion_and_Personality_Test_Battery_LEMON__BISBAS__BAS_Reward,111,-0.05366244199530796,0.2885366422788981
personality_affect,20,Emotion_and_Personality_Test_Battery_LEMON__NYC_Q_lemon__NYC-Q_lemon_9,111,-0.05365556044288539,0.2902917027013963
personality_affect,20,META_File_IDs_Age_Gender_Education_Drug_Smoke_SKID_LEMON__BSL23_sumscore,79,-0.05150205175508503,0.2828998285897305
personality_affect,20,Emotion_and_Personality_Test_Battery_LEMON__MARS__MARS_Disengagement,103,-0.050261782551178184,0.3668942543698287
personality_affect,20,Emotion_and_Personality_Test_Battery_LEMON__NEO_FFI__NEOFFI_Agreeableness,111,-0.04844870586022257,0.33359125916473253
personality_affect,20,Emotion_and_Personality_Test_Battery_LEMON__TICS__TICS_ChronicWorrying,111,0.04423980773761991,0.44799727970216024
personality_affect,20,Emotion_and_Personality_Test_Battery_LEMON__NEO_FFI__NEOFFI_Conscientiousness,111,0.04412964068935047,0.38072397139232056
personality_affect,20,Emotion_and_Personality_Test_Battery_LEMON__MSPSS__MSPSS_Friends,111,0.039440158422462,0.36992716982686097
personality_affect,20,Emotion_and_Personality_Test_Battery_LEMON__MDBF_Day1__MDBF_Day1_RU_Scale,108,-0.03810223569513219,0.30267360578802116
personality_affect,20,Emotion_and_Personality_Test_Battery_LEMON__NYC_Q_lemon__NYC-Q_lemon_22,111,0.03789197732255142,0.34850123979626696
personality_affect,20,Emotion_and_Personality_Test_Battery_LEMON__PSQ__PSQ_OverallScore,111,0.03272005607126766,0.401246736813108
personality_affect,20,Emotion_and_Personality_Test_Battery_LEMON__BISBAS__BAS_Fun,111,0.03224160540988467,0.3669628071276911
personality_affect,20,Emotion_and_Personality_Test_Battery_LEMON__MDBF_Day2__MDBF_Day2_RU_Scale,109,0.031096078598439443,0.3810579076897988
personality_affect,20,Emotion_and_Personality_Test_Battery_LEMON__COPE__COPE_SelfBlame,111,-0.030160596225165957,0.33106622258495794
personality_affect,20,Emotion_and_Personality_Test_Battery_LEMON__FEV__FEV_STOER,111,0.029885560203565607,0.3576216727977111
personality_affect,20,Emotion_and_Personality_Test_Battery_LEMON__MSPSS__MSPSS_Family,111,-0.029627706360861553,0.34714172270269233
personality_affect,20,Emotion_and_Personality_Test_Battery_LEMON__TICS__TICS_LackSocialRecognition,111,-0.029553322847119916,0.46027637709328634
personality_affect,20,META_File_IDs_Age_Gender_Education_Drug_Smoke_SKID_LEMON__DRUG_0=negative_1=Positive,111,0.027872366568918748,0.30220442386365026
personality_affect,20,Emotion_and_Personality_Test_Battery_LEMON__NEO_FFI__NEOFFI_OpennessForExperiences,111,-0.026194192730042833,0.330947232543343
personality_affect,20,Emotion_and_Personality_Test_Battery_LEMON__TICS__TICS_WorkDiscontent,111,0.0256952218200175,0.43418748891600223
personality_affect,20,Emotion_and_Personality_Test_Battery_LEMON__STAI_G_X2__STAI_Trait_Anxiety,111,0.02069282311694158,0.4052300809462199
personality_affect,20,Emotion_and_Personality_Test_Battery_LEMON__MARS__MARS_Avoidance,103,-0.019065216039804895,0.3624020462143187
personality_affect,20,Emotion_and_Personality_Test_Battery_LEMON__NYC_Q_lemon__NYC-Q_lemon_14,111,0.018811581195414748,0.3885119813636651
personality_affect,20,Emotion_and_Personality_Test_Battery_LEMON__TICS__TICS_ScreeningScale,111,-0.017609571692143132,0.45210113053109957
personality_affect,20,Emotion_and_Personality_Test_Battery_LEMON__MARS__MARS_Situation_focused,103,0.01749149576189242,0.421004900669479
personality_affect,20,Emotion_and_Personality_Test_Battery_LEMON__TICS__TICS_SocialIsolation,111,0.01697745556215447,0.3628485856414348
personality_affect,20,Emotion_and_Personality_Test_Battery_LEMON__COPE__COPE_positiveReframing,111,0.014933554243257378,0.3464600829954594
personality_affect,20,Emotion_and_Personality_Test_Battery_LEMON__NYC_Q_lemon__NYC-Q_lemon_25,110,0.014862270043279373,0.3566448549188
personality_affect,20,Emotion_and_Personality_Test_Battery_LEMON__NYC_Q_lemon__NYC-Q_lemon_8,111,-0.014321333579786622,0.46417831458668757
personality_affect,20,Emotion_and_Personality_Test_Battery_LEMON__MARS__MARS_Cognitive_Distraction,103,0.013479940332968371,0.3439440100204809
personality_affect,20,Emotion_and_Personality_Test_Battery_LEMON__CERQ__CERQ_Acceptance,111,0.01293452892229548,0.3721922818824884
personality_affect,20,Emotion_and_Personality_Test_Battery_LEMON__BISBAS__BIS,111,0.012750702111472641,0.34850727102476253
personality_affect,20,Emotion_and_Personality_Test_Battery_LEMON__NYC_Q_lemon__NYC-Q_lemon_16,111,0.0116711655267368,0.3702472783994495
personality_affect,20,Emotion_and_Personality_Test_Battery_LEMON__STAXI__STAXI_AO,111,0.011396182027310246,0.3959430819254203
personality_affect,20,Emotion_and_Personality_Test_Battery_LEMON__STAXI__STAXI_AC,111,-0.010872099584065069,0.3417556101841967
personality_affect,20,Emotion_and_Personality_Test_Battery_LEMON__TAS__TAS_Describing,111,-0.008861103207041652,0.42447167960567095
personality_affect,20,Emotion_and_Personality_Test_Battery_LEMON__TICS__TICS_WorkOverload,111,-0.005109678683423196,0.44630710119111966
personality_affect,20,Emotion_and_Personality_Test_Battery_LEMON__MDBF_Day3__MDBF_Day3_GS_Scale,80,-0.005023451850422937,0.3099919101278571
personality_affect,20,Emotion_and_Personality_Test_Battery_LEMON__COPE__COPE_Acceptance,111,0.0031755994521317347,0.31689991499141773
personality_affect,20,Emotion_and_Personality_Test_Battery_LEMON__MDBF_Day2__MDBF_Day2_GS_Scale,109,-0.002100036929427126,0.4015181452391592
personality_affect,20,Emotion_and_Personality_Test_Battery_LEMON__STAXI__STAXI_State_Anger,111,0.0020521652055602436,0.2983287377423002
personality_affect,20,Emotion_and_Personality_Test_Battery_LEMON__NYC_Q_lemon__NYC-Q_lemon_6,111,0.001745943027074933,0.42946323886160365
personality_affect,20,Emotion_and_Personality_Test_Battery_LEMON__NYC_Q_lemon__NYC-Q_lemon_17,108,-0.00039719843279873395,0.3441896408072925
